caller_va	caller	callee_va	callee	external
180001000	FUN_180001000	1800373b0	FUN_1800373b0@1800373b0	false
180001000	FUN_180001000	180037760	FUN_180037760@180037760	false
180001050	FUN_180001050	1800373b0	FUN_1800373b0@1800373b0	false
180001050	FUN_180001050	180037760	FUN_180037760@180037760	false
1800010c0	FUN_1800010c0	18003836a	memcpy@18003836a	false
1800010c0	FUN_1800010c0	18000cdd0	FUN_18000cdd0@18000cdd0	false
1800010c0	FUN_1800010c0	1800373b0	FUN_1800373b0@1800373b0	false
1800010c0	FUN_1800010c0	18000d170	FUN_18000d170@18000d170	false
1800011f0	FUN_1800011f0	EXTERNAL:00000099	flush@EXTERNAL:00000099	true
1800011f0	FUN_1800011f0	EXTERNAL:0000008d	setstate@EXTERNAL:0000008d	true
1800011f0	FUN_1800011f0	EXTERNAL:00000090	fill@EXTERNAL:00000090	true
1800011f0	FUN_1800011f0	EXTERNAL:00000076	sputc@EXTERNAL:00000076	true
1800011f0	FUN_1800011f0	EXTERNAL:00000072	width@EXTERNAL:00000072	true
1800011f0	FUN_1800011f0	1800363a7	uncaught_exception@1800363a7	false
1800011f0	FUN_1800011f0	EXTERNAL:00000071	width@EXTERNAL:00000071	true
1800011f0	FUN_1800011f0	EXTERNAL:00000070	flags@EXTERNAL:00000070	true
1800011f0	FUN_1800011f0	EXTERNAL:0000006f	good@EXTERNAL:0000006f	true
1800011f0	FUN_1800011f0	EXTERNAL:0000008f	rdbuf@EXTERNAL:0000008f	true
1800011f0	FUN_1800011f0	EXTERNAL:0000008e	tie@EXTERNAL:0000008e	true
1800011f0	FUN_1800011f0	EXTERNAL:00000094	_Osfx@EXTERNAL:00000094	true
180001420	FUN_180001420	EXTERNAL:00000099	flush@EXTERNAL:00000099	true
180001420	FUN_180001420	EXTERNAL:00000094	_Osfx@EXTERNAL:00000094	true
180001420	FUN_180001420	EXTERNAL:0000008d	setstate@EXTERNAL:0000008d	true
180001420	FUN_180001420	EXTERNAL:00000090	fill@EXTERNAL:00000090	true
180001420	FUN_180001420	EXTERNAL:00000076	sputc@EXTERNAL:00000076	true
180001420	FUN_180001420	EXTERNAL:00000072	width@EXTERNAL:00000072	true
180001420	FUN_180001420	1800363a7	uncaught_exception@1800363a7	false
180001420	FUN_180001420	EXTERNAL:00000071	width@EXTERNAL:00000071	true
180001420	FUN_180001420	EXTERNAL:00000070	flags@EXTERNAL:00000070	true
180001420	FUN_180001420	1800383a0	strlen@1800383a0	false
180001420	FUN_180001420	EXTERNAL:0000006f	good@EXTERNAL:0000006f	true
180001420	FUN_180001420	EXTERNAL:0000008f	rdbuf@EXTERNAL:0000008f	true
180001420	FUN_180001420	EXTERNAL:0000008e	tie@EXTERNAL:0000008e	true
180001420	FUN_180001420	EXTERNAL:00000077	sputn@EXTERNAL:00000077	true
180001670	FUN_180001670	180038364	memcmp@180038364	false
180001670	FUN_180001670	1800383a0	strlen@1800383a0	false
1800016e0	FUN_1800016e0	180007d60	FUN_180007d60@180007d60	false
180001710	FUN_180001710	180001c10	FUN_180001c10@180001c10	false
180001780	FUN_180001780	180001c10	FUN_180001c10@180001c10	false
180001780	FUN_180001780	1800383a0	strlen@1800383a0	false
1800017f0	FUN_1800017f0	18003836a	memcpy@18003836a	false
1800017f0	FUN_1800017f0	180038370	memmove@180038370	false
1800017f0	FUN_1800017f0	1800062a0	FUN_1800062a0@1800062a0	false
1800017f0	FUN_1800017f0	1800383a0	strlen@1800383a0	false
180001920	FUN_180001920	18000d170	FUN_18000d170@18000d170	false
180001920	FUN_180001920	180007f50	FUN_180007f50@180007f50	false
180001920	FUN_180001920	1800383a0	strlen@1800383a0	false
1800019b0	FUN_1800019b0	180038364	memcmp@180038364	false
180001a20	FUN_180001a20	180037a30	__security_check_cookie@180037a30	false
180001a20	FUN_180001a20	180037400	free@180037400	false
180001a20	FUN_180001a20	18000aab0	FUN_18000aab0@18000aab0	false
180001a20	FUN_180001a20	180002440	FUN_180002440@180002440	false
180001ad0	FUN_180001ad0	18000cdd0	FUN_18000cdd0@18000cdd0	false
180001ad0	FUN_180001ad0	1800373b0	FUN_1800373b0@1800373b0	false
180001b30	FUN_180001b30	18000cdd0	FUN_18000cdd0@18000cdd0	false
180001b30	FUN_180001b30	1800373b0	FUN_1800373b0@1800373b0	false
180001b90	FUN_180001b90	18000cdd0	FUN_18000cdd0@18000cdd0	false
180001b90	FUN_180001b90	1800373b0	FUN_1800373b0@1800373b0	false
180001c10	FUN_180001c10	180038370	memmove@180038370	false
180001c10	FUN_180001c10	180006110	FUN_180006110@180006110	false
180001ca0	FUN_180001ca0	180006460	FUN_180006460@180006460	false
180001ca0	FUN_180001ca0	180038370	memmove@180038370	false
180001d30	FUN_180001d30	18003836a	memcpy@18003836a	false
180001d30	FUN_180001d30	180038370	memmove@180038370	false
180001d30	FUN_180001d30	180037400	free@180037400	false
180001d30	FUN_180001d30	18000cdd0	FUN_18000cdd0@18000cdd0	false
180001d30	FUN_180001d30	1800373b0	FUN_1800373b0@1800373b0	false
180001d30	FUN_180001d30	18000d170	FUN_18000d170@18000d170	false
180001ea0	FUN_180001ea0	18003836a	memcpy@18003836a	false
180001ea0	FUN_180001ea0	180038370	memmove@180038370	false
180001ea0	FUN_180001ea0	180037400	free@180037400	false
180001ea0	FUN_180001ea0	18000cdd0	FUN_18000cdd0@18000cdd0	false
180001ea0	FUN_180001ea0	1800373b0	FUN_1800373b0@1800373b0	false
180001ea0	FUN_180001ea0	18000d170	FUN_18000d170@18000d170	false
180002030	FUN_180002030	180001d30	FUN_180001d30@180001d30	false
180002030	FUN_180002030	180037400	free@180037400	false
180002030	FUN_180002030	18000d1b0	FUN_18000d1b0@18000d1b0	false
180002030	FUN_180002030	18000d070	FUN_18000d070@18000d070	false
180002030	FUN_180002030	18000b590	FUN_18000b590@18000b590	false
180002030	FUN_180002030	180007c00	FUN_180007c00@180007c00	false
180002340	FUN_180002340	18003836a	memcpy@18003836a	false
180002340	FUN_180002340	18000cdd0	FUN_18000cdd0@18000cdd0	false
180002340	FUN_180002340	1800373b0	FUN_1800373b0@1800373b0	false
180002340	FUN_180002340	18000d170	FUN_18000d170@18000d170	false
180002440	FUN_180002440	18003836a	memcpy@18003836a	false
180002440	FUN_180002440	18000cdd0	FUN_18000cdd0@18000cdd0	false
180002440	FUN_180002440	1800373b0	FUN_1800373b0@1800373b0	false
180002440	FUN_180002440	18000d170	FUN_18000d170@18000d170	false
180002570	FUN_180002570	1800366c0	FUN_1800366c0@1800366c0	false
180002570	FUN_180002570	18001d970	FUN_18001d970@18001d970	false
180002570	FUN_180002570	18000ce10	FUN_18000ce10@18000ce10	false
180002570	FUN_180002570	18000ce50	FUN_18000ce50@18000ce50	false
180002660	FUN_180002660	1800083b0	FUN_1800083b0@1800083b0	false
180002660	FUN_180002660	1800373b0	FUN_1800373b0@1800373b0	false
180002660	FUN_180002660	180002660	FUN_180002660@180002660	false
180002660	FUN_180002660	180007c00	FUN_180007c00@180007c00	false
180002740	FUN_180002740	1800373b0	FUN_1800373b0@1800373b0	false
180002740	FUN_180002740	180007c00	FUN_180007c00@180007c00	false
180002740	FUN_180002740	180002740	FUN_180002740@180002740	false
180002830	FUN_180002830	1800373b0	FUN_1800373b0@1800373b0	false
180002830	FUN_180002830	180002830	FUN_180002830@180002830	false
180002830	FUN_180002830	180007c00	FUN_180007c00@180007c00	false
180002910	FUN_180002910	18000d190	FUN_18000d190@18000d190	false
180002910	FUN_180002910	18003836a	memcpy@18003836a	false
180002910	FUN_180002910	18000cdd0	FUN_18000cdd0@18000cdd0	false
180002910	FUN_180002910	1800373b0	FUN_1800373b0@1800373b0	false
180002910	FUN_180002910	18000b8b0	FUN_18000b8b0@18000b8b0	false
180002aa0	FUN_180002aa0	18000d190	FUN_18000d190@18000d190	false
180002aa0	FUN_180002aa0	18000cdd0	FUN_18000cdd0@18000cdd0	false
180002aa0	FUN_180002aa0	1800373b0	FUN_1800373b0@1800373b0	false
180002aa0	FUN_180002aa0	180007c00	FUN_180007c00@180007c00	false
180002aa0	FUN_180002aa0	18000b7f0	FUN_18000b7f0@18000b7f0	false
180002cc0	FUN_180002cc0	18000d190	FUN_18000d190@18000d190	false
180002cc0	FUN_180002cc0	180037400	free@180037400	false
180002cc0	FUN_180002cc0	18000cdd0	FUN_18000cdd0@18000cdd0	false
180002cc0	FUN_180002cc0	1800373b0	FUN_1800373b0@1800373b0	false
180002cc0	FUN_180002cc0	18000d070	FUN_18000d070@18000d070	false
180002cc0	FUN_180002cc0	180007c00	FUN_180007c00@180007c00	false
180002ff0	FUN_180002ff0	18000d190	FUN_18000d190@18000d190	false
180002ff0	FUN_180002ff0	1800081a0	FUN_1800081a0@1800081a0	false
180002ff0	FUN_180002ff0	18000cdd0	FUN_18000cdd0@18000cdd0	false
180002ff0	FUN_180002ff0	1800373b0	FUN_1800373b0@1800373b0	false
180002ff0	FUN_180002ff0	18000b930	FUN_18000b930@18000b930	false
180003210	FUN_180003210	18000d190	FUN_18000d190@18000d190	false
180003210	FUN_180003210	18000cdd0	FUN_18000cdd0@18000cdd0	false
180003210	FUN_180003210	1800373b0	FUN_1800373b0@1800373b0	false
180003210	FUN_180003210	180002340	FUN_180002340@180002340	false
180003210	FUN_180003210	18000b7f0	FUN_18000b7f0@18000b7f0	false
180003440	FUN_180003440	1800074b0	FUN_1800074b0@1800074b0	false
180003440	FUN_180003440	18000b710	FUN_18000b710@18000b710	false
180003440	FUN_180003440	18000d1b0	FUN_18000d1b0@18000d1b0	false
180003440	FUN_180003440	18000cdd0	FUN_18000cdd0@18000cdd0	false
180003440	FUN_180003440	1800373b0	FUN_1800373b0@1800373b0	false
180003620	FUN_180003620	180037400	free@180037400	false
180003620	FUN_180003620	18000d1b0	FUN_18000d1b0@18000d1b0	false
180003620	FUN_180003620	18000cdd0	FUN_18000cdd0@18000cdd0	false
180003620	FUN_180003620	1800373b0	FUN_1800373b0@1800373b0	false
180003620	FUN_180003620	180007520	FUN_180007520@180007520	false
180003620	FUN_180003620	18000d070	FUN_18000d070@18000d070	false
1800038d0	FUN_1800038d0	18000d190	FUN_18000d190@18000d190	false
1800038d0	FUN_1800038d0	180037400	free@180037400	false
1800038d0	FUN_1800038d0	18000cdd0	FUN_18000cdd0@18000cdd0	false
1800038d0	FUN_1800038d0	1800373b0	FUN_1800373b0@1800373b0	false
1800038d0	FUN_1800038d0	180036880	FUN_180036880@180036880	false
180003af0	FUN_180003af0	18000d190	FUN_18000d190@18000d190	false
180003af0	FUN_180003af0	18000cdd0	FUN_18000cdd0@18000cdd0	false
180003af0	FUN_180003af0	1800373b0	FUN_1800373b0@1800373b0	false
180003af0	FUN_180003af0	18000b7f0	FUN_18000b7f0@18000b7f0	false
180003d40	FUN_180003d40	18000d190	FUN_18000d190@18000d190	false
180003d40	FUN_180003d40	18000cdd0	FUN_18000cdd0@18000cdd0	false
180003d40	FUN_180003d40	1800373b0	FUN_1800373b0@1800373b0	false
180003d40	FUN_180003d40	18000b930	FUN_18000b930@18000b930	false
180003f90	FUN_180003f90	180003f90	FUN_180003f90@180003f90	false
180003f90	FUN_180003f90	18000cf20	FUN_18000cf20@18000cf20	false
180003f90	FUN_180003f90	180037400	free@180037400	false
180003f90	FUN_180003f90	18000d070	FUN_18000d070@18000d070	false
180004020	FUN_180004020	180004020	FUN_180004020@180004020	false
180004020	FUN_180004020	180037400	free@180037400	false
180004020	FUN_180004020	18000d070	FUN_18000d070@18000d070	false
1800040e0	FUN_1800040e0	180037400	free@180037400	false
1800040e0	FUN_1800040e0	18000d070	FUN_18000d070@18000d070	false
1800040e0	FUN_1800040e0	1800040e0	FUN_1800040e0@1800040e0	false
180004170	FUN_180004170	180037400	free@180037400	false
180004170	FUN_180004170	180009950	FUN_180009950@180009950	false
180004170	FUN_180004170	180004170	FUN_180004170@180004170	false
1800041f0	FUN_1800041f0	18000cf20	FUN_18000cf20@18000cf20	false
1800041f0	FUN_1800041f0	1800041f0	FUN_1800041f0@1800041f0	false
1800041f0	FUN_1800041f0	180037400	free@180037400	false
180004270	FUN_180004270	180038364	memcmp@180038364	false
180004340	FUN_180004340	1800081a0	FUN_1800081a0@1800081a0	false
180004340	FUN_180004340	180037a30	__security_check_cookie@180037a30	false
180004340	FUN_180004340	1800373b0	FUN_1800373b0@1800373b0	false
180004340	FUN_180004340	180008b80	FUN_180008b80@180008b80	false
180004340	FUN_180004340	180036880	FUN_180036880@180036880	false
180004340	FUN_180004340	18000d0e0	FUN_18000d0e0@18000d0e0	false
180004340	FUN_180004340	18000c820	FUN_18000c820@18000c820	false
1800044e0	FUN_1800044e0	1800081a0	FUN_1800081a0@1800081a0	false
1800044e0	FUN_1800044e0	180037a30	__security_check_cookie@180037a30	false
1800044e0	FUN_1800044e0	1800373b0	FUN_1800373b0@1800373b0	false
1800044e0	FUN_1800044e0	180008b80	FUN_180008b80@180008b80	false
1800044e0	FUN_1800044e0	180036880	FUN_180036880@180036880	false
1800044e0	FUN_1800044e0	18000d0e0	FUN_18000d0e0@18000d0e0	false
1800044e0	FUN_1800044e0	18000c820	FUN_18000c820@18000c820	false
1800046a0	FUN_1800046a0	EXTERNAL:00000099	flush@EXTERNAL:00000099	true
1800046a0	FUN_1800046a0	EXTERNAL:00000094	_Osfx@EXTERNAL:00000094	true
1800046a0	FUN_1800046a0	EXTERNAL:0000008d	setstate@EXTERNAL:0000008d	true
1800046a0	FUN_1800046a0	EXTERNAL:00000090	fill@EXTERNAL:00000090	true
1800046a0	FUN_1800046a0	EXTERNAL:00000076	sputc@EXTERNAL:00000076	true
1800046a0	FUN_1800046a0	EXTERNAL:00000072	width@EXTERNAL:00000072	true
1800046a0	FUN_1800046a0	1800363a7	uncaught_exception@1800363a7	false
1800046a0	FUN_1800046a0	EXTERNAL:00000071	width@EXTERNAL:00000071	true
1800046a0	FUN_1800046a0	EXTERNAL:00000070	flags@EXTERNAL:00000070	true
1800046a0	FUN_1800046a0	EXTERNAL:0000006f	good@EXTERNAL:0000006f	true
1800046a0	FUN_1800046a0	EXTERNAL:0000008f	rdbuf@EXTERNAL:0000008f	true
1800046a0	FUN_1800046a0	EXTERNAL:0000008e	tie@EXTERNAL:0000008e	true
1800046a0	FUN_1800046a0	EXTERNAL:00000077	sputn@EXTERNAL:00000077	true
180004910	FUN_180004910	180009e00	FUN_180009e00@180009e00	false
180004910	FUN_180004910	180038364	memcmp@180038364	false
180004910	FUN_180004910	180037a30	__security_check_cookie@180037a30	false
180004910	FUN_180004910	180037400	free@180037400	false
180004c50	FUN_180004c50	180009e00	FUN_180009e00@180009e00	false
180004c50	FUN_180004c50	180038364	memcmp@180038364	false
180004c50	FUN_180004c50	180037a30	__security_check_cookie@180037a30	false
180004c50	FUN_180004c50	180037400	free@180037400	false
180004c50	FUN_180004c50	1800019b0	FUN_1800019b0@1800019b0	false
180005090	FUN_180005090	1800019b0	FUN_1800019b0@1800019b0	false
180005090	FUN_180005090	1800075f0	FUN_1800075f0@1800075f0	false
1800051d0	FUN_1800051d0	180009e00	FUN_180009e00@180009e00	false
1800051d0	FUN_1800051d0	180038364	memcmp@180038364	false
1800051d0	FUN_1800051d0	180037a30	__security_check_cookie@180037a30	false
1800051d0	FUN_1800051d0	180037400	free@180037400	false
1800051d0	FUN_1800051d0	1800019b0	FUN_1800019b0@1800019b0	false
1800051d0	FUN_1800051d0	1800075f0	FUN_1800075f0@1800075f0	false
180005ed0	FUN_180005ed0	180009e00	FUN_180009e00@180009e00	false
180005ed0	FUN_180005ed0	1800019b0	FUN_1800019b0@1800019b0	false
180006110	FUN_180006110	18003836a	memcpy@18003836a	false
180006110	FUN_180006110	180037400	free@180037400	false
180006110	FUN_180006110	18000cdd0	FUN_18000cdd0@18000cdd0	false
180006110	FUN_180006110	1800373b0	FUN_1800373b0@1800373b0	false
180006110	FUN_180006110	18000d170	FUN_18000d170@18000d170	false
1800062a0	FUN_1800062a0	18003836a	memcpy@18003836a	false
1800062a0	FUN_1800062a0	180037400	free@180037400	false
1800062a0	FUN_1800062a0	18000cdd0	FUN_18000cdd0@18000cdd0	false
1800062a0	FUN_1800062a0	1800373b0	FUN_1800373b0@1800373b0	false
1800062a0	FUN_1800062a0	18000d170	FUN_18000d170@18000d170	false
180006460	FUN_180006460	18003836a	memcpy@18003836a	false
180006460	FUN_180006460	180037400	free@180037400	false
180006460	FUN_180006460	18000cdd0	FUN_18000cdd0@18000cdd0	false
180006460	FUN_180006460	1800373b0	FUN_1800373b0@1800373b0	false
180006460	FUN_180006460	18000d170	FUN_18000d170@18000d170	false
180006620	FUN_180006620	18003836a	memcpy@18003836a	false
180006620	FUN_180006620	180037400	free@180037400	false
180006620	FUN_180006620	18000cdd0	FUN_18000cdd0@18000cdd0	false
180006620	FUN_180006620	1800373b0	FUN_1800373b0@1800373b0	false
180006620	FUN_180006620	18000d170	FUN_18000d170@18000d170	false
1800067e0	FUN_1800067e0	180038376	memset@180038376	false
1800067e0	FUN_1800067e0	18003836a	memcpy@18003836a	false
1800067e0	FUN_1800067e0	180037400	free@180037400	false
1800067e0	FUN_1800067e0	18000cdd0	FUN_18000cdd0@18000cdd0	false
1800067e0	FUN_1800067e0	1800373b0	FUN_1800373b0@1800373b0	false
1800067e0	FUN_1800067e0	18000d170	FUN_18000d170@18000d170	false
180006970	FUN_180006970	18003836a	memcpy@18003836a	false
180006970	FUN_180006970	180037400	free@180037400	false
180006970	FUN_180006970	18000cdd0	FUN_18000cdd0@18000cdd0	false
180006970	FUN_180006970	1800373b0	FUN_1800373b0@1800373b0	false
180006970	FUN_180006970	18000d170	FUN_18000d170@18000d170	false
180006ae0	FUN_180006ae0	18003836a	memcpy@18003836a	false
180006ae0	FUN_180006ae0	180037400	free@180037400	false
180006ae0	FUN_180006ae0	18000cdd0	FUN_18000cdd0@18000cdd0	false
180006ae0	FUN_180006ae0	1800373b0	FUN_1800373b0@1800373b0	false
180006ae0	FUN_180006ae0	18000d170	FUN_18000d170@18000d170	false
180006c80	FUN_180006c80	18003836a	memcpy@18003836a	false
180006c80	FUN_180006c80	180037400	free@180037400	false
180006c80	FUN_180006c80	18000cdd0	FUN_18000cdd0@18000cdd0	false
180006c80	FUN_180006c80	1800373b0	FUN_1800373b0@1800373b0	false
180006c80	FUN_180006c80	18000d170	FUN_18000d170@18000d170	false
180006e50	FUN_180006e50	18000b710	FUN_18000b710@18000b710	false
180006e50	FUN_180006e50	18000d1b0	FUN_18000d1b0@18000d1b0	false
180006e50	FUN_180006e50	18000cdd0	FUN_18000cdd0@18000cdd0	false
180006e50	FUN_180006e50	1800373b0	FUN_1800373b0@1800373b0	false
180007030	FUN_180007030	180005090	FUN_180005090@180005090	false
180007030	FUN_180007030	180007030	FUN_180007030@180007030	false
180007030	FUN_180007030	180037a30	__security_check_cookie@180037a30	false
180007030	FUN_180007030	180005ed0	FUN_180005ed0@180005ed0	false
180007030	FUN_180007030	1800051d0	FUN_1800051d0@1800051d0	false
180007030	FUN_180007030	180004910	FUN_180004910@180004910	false
180007030	FUN_180007030	180037400	free@180037400	false
180007030	FUN_180007030	180004c50	FUN_180004c50@180004c50	false
1800075f0	FUN_1800075f0	180037400	free@180037400	false
1800077a0	FUN_1800077a0	180036670	FUN_180036670@180036670	false
1800077a0	FUN_1800077a0	180037a30	__security_check_cookie@180037a30	false
1800077a0	FUN_1800077a0	180006620	FUN_180006620@180006620	false
1800077a0	FUN_1800077a0	1800383a0	strlen@1800383a0	false
1800077a0	FUN_1800077a0	18000ce10	FUN_18000ce10@18000ce10	false
1800077a0	FUN_1800077a0	18000ce50	FUN_18000ce50@18000ce50	false
180007940	FUN_180007940	180036670	FUN_180036670@180036670	false
180007940	FUN_180007940	180037a30	__security_check_cookie@180037a30	false
180007940	FUN_180007940	180006620	FUN_180006620@180006620	false
180007940	FUN_180007940	18000ce10	FUN_18000ce10@18000ce10	false
180007940	FUN_180007940	18000ce50	FUN_18000ce50@18000ce50	false
180007ae0	FUN_180007ae0	EXTERNAL:0000006d	_Getcat@EXTERNAL:0000006d	true
180007ae0	FUN_180007ae0	18003650d	_Getgloballocale@18003650d	false
180007ae0	FUN_180007ae0	18000cdf0	FUN_18000cdf0@18000cdf0	false
180007ae0	FUN_180007ae0	EXTERNAL:0000005c	~_Lockit@EXTERNAL:0000005c	true
180007ae0	FUN_180007ae0	EXTERNAL:0000005b	_Lockit@EXTERNAL:0000005b	true
180007ae0	FUN_180007ae0	1800364d0	FUN_1800364d0@1800364d0	false
180007c00	FUN_180007c00	18003836a	memcpy@18003836a	false
180007c00	FUN_180007c00	18000cdd0	FUN_18000cdd0@18000cdd0	false
180007c00	FUN_180007c00	1800373b0	FUN_1800373b0@1800373b0	false
180007c00	FUN_180007c00	18000d170	FUN_18000d170@18000d170	false
180007d10	FUN_180007d10	180002340	FUN_180002340@180002340	false
180007d10	FUN_180007d10	1800383a0	strlen@1800383a0	false
180007d60	FUN_180007d60	18003836a	memcpy@18003836a	false
180007d60	FUN_180007d60	180038370	memmove@180038370	false
180007d60	FUN_180007d60	18000cdd0	FUN_18000cdd0@18000cdd0	false
180007d60	FUN_180007d60	1800373b0	FUN_1800373b0@1800373b0	false
180007d60	FUN_180007d60	18000d170	FUN_18000d170@18000d170	false
180007f50	FUN_180007f50	18003836a	memcpy@18003836a	false
180007f50	FUN_180007f50	18000cdd0	FUN_18000cdd0@18000cdd0	false
180007f50	FUN_180007f50	1800373b0	FUN_1800373b0@1800373b0	false
180008090	FUN_180008090	180038376	memset@180038376	false
180008090	FUN_180008090	18000cdd0	FUN_18000cdd0@18000cdd0	false
180008090	FUN_180008090	1800373b0	FUN_1800373b0@1800373b0	false
180008090	FUN_180008090	18000d170	FUN_18000d170@18000d170	false
1800081a0	FUN_1800081a0	18003836a	memcpy@18003836a	false
1800081a0	FUN_1800081a0	18000cdd0	FUN_18000cdd0@18000cdd0	false
1800081a0	FUN_1800081a0	1800373b0	FUN_1800373b0@1800373b0	false
1800081a0	FUN_1800081a0	18000d170	FUN_18000d170@18000d170	false
1800082d0	FUN_1800082d0	18000d190	FUN_18000d190@18000d190	false
1800082d0	FUN_1800082d0	18003836a	memcpy@18003836a	false
1800082d0	FUN_1800082d0	18000cdd0	FUN_18000cdd0@18000cdd0	false
1800082d0	FUN_1800082d0	1800373b0	FUN_1800373b0@1800373b0	false
1800083b0	FUN_1800083b0	18000d1b0	FUN_18000d1b0@18000d1b0	false
1800083b0	FUN_1800083b0	18000b590	FUN_18000b590@18000b590	false
1800083b0	FUN_1800083b0	180007c00	FUN_180007c00@180007c00	false
180008490	FUN_180008490	18000d190	FUN_18000d190@18000d190	false
180008490	FUN_180008490	18000cdd0	FUN_18000cdd0@18000cdd0	false
180008490	FUN_180008490	1800373b0	FUN_1800373b0@1800373b0	false
180008490	FUN_180008490	180007c00	FUN_180007c00@180007c00	false
1800085a0	FUN_1800085a0	1800373b0	FUN_1800373b0@1800373b0	false
180008830	FUN_180008830	18000d190	FUN_18000d190@18000d190	false
180008830	FUN_180008830	18003836a	memcpy@18003836a	false
180008830	FUN_180008830	18000b510	FUN_18000b510@18000b510	false
180008830	FUN_180008830	1800373b0	FUN_1800373b0@1800373b0	false
180008830	FUN_180008830	180002830	FUN_180002830@180002830	false
180008830	FUN_180008830	180002660	FUN_180002660@180002660	false
180008830	FUN_180008830	180007c00	FUN_180007c00@180007c00	false
180008830	FUN_180008830	180002740	FUN_180002740@180002740	false
180008b80	FUN_180008b80	180037400	free@180037400	false
180008b80	FUN_180008b80	18000ca50	FUN_18000ca50@18000ca50	false
180008c80	FUN_180008c80	180038346	__std_exception_copy@180038346	false
180008cd0	FUN_180008cd0	180038346	__std_exception_copy@180038346	false
180008d10	FUN_180008d10	180038346	__std_exception_copy@180038346	false
180008d80	FUN_180008d80	180038346	__std_exception_copy@180038346	false
180008df0	exception	180038346	__std_exception_copy@180038346	false
180008e30	FUN_180008e30	180038346	__std_exception_copy@180038346	false
180008e70	FUN_180008e70	180038346	__std_exception_copy@180038346	false
180008ed0	FUN_180008ed0	180038346	__std_exception_copy@180038346	false
180008ed0	FUN_180008ed0	180037a30	__security_check_cookie@180037a30	false
180008ed0	FUN_180008ed0	180037400	free@180037400	false
1800090d0	FUN_1800090d0	180037400	free@180037400	false
180009150	FUN_180009150	180003f90	FUN_180003f90@180003f90	false
180009150	FUN_180009150	180037400	free@180037400	false
180009190	FUN_180009190	180004020	FUN_180004020@180004020	false
180009190	FUN_180009190	180037400	free@180037400	false
1800091d0	FUN_1800091d0	180037400	free@180037400	false
1800091d0	FUN_1800091d0	1800040e0	FUN_1800040e0@1800040e0	false
180009210	FUN_180009210	18000d070	FUN_18000d070@18000d070	false
180009250	FUN_180009250	18000d070	FUN_18000d070@18000d070	false
180009290	FUN_180009290	EXTERNAL:00000078	eback@EXTERNAL:00000078	true
180009290	FUN_180009290	EXTERNAL:000000c6	fclose@EXTERNAL:000000c6	true
180009290	FUN_180009290	EXTERNAL:0000007e	setg@EXTERNAL:0000007e	true
180009290	FUN_180009290	18000bc50	FUN_18000bc50@18000bc50	false
180009290	FUN_180009290	EXTERNAL:00000088	_Init@EXTERNAL:00000088	true
180009380	FUN_180009380	EXTERNAL:0000007c	egptr@EXTERNAL:0000007c	true
180009380	FUN_180009380	EXTERNAL:00000078	eback@EXTERNAL:00000078	true
180009380	FUN_180009380	EXTERNAL:00000084	setp@EXTERNAL:00000084	true
180009380	FUN_180009380	EXTERNAL:0000007f	epptr@EXTERNAL:0000007f	true
180009380	FUN_180009380	180037400	free@180037400	false
180009380	FUN_180009380	EXTERNAL:0000007e	setg@EXTERNAL:0000007e	true
180009380	FUN_180009380	EXTERNAL:0000007b	pptr@EXTERNAL:0000007b	true
180009460	FUN_180009460	180004020	FUN_180004020@180004020	false
180009460	FUN_180009460	180037400	free@180037400	false
180009490	FUN_180009490	180037400	free@180037400	false
180009490	FUN_180009490	1800040e0	FUN_1800040e0@1800040e0	false
1800095d0	FUN_1800095d0	180037400	free@180037400	false
180009640	FUN_180009640	180037400	free@180037400	false
180009640	FUN_180009640	18000d070	FUN_18000d070@18000d070	false
180009700	FUN_180009700	180037400	free@180037400	false
180009700	FUN_180009700	18000d070	FUN_18000d070@18000d070	false
1800097b0	FUN_1800097b0	180037400	free@180037400	false
1800097b0	FUN_1800097b0	180036880	FUN_180036880@180036880	false
180009860	FUN_180009860	180037400	free@180037400	false
1800098c0	FUN_1800098c0	180037400	free@180037400	false
1800098c0	FUN_1800098c0	18000d0e0	FUN_18000d0e0@18000d0e0	false
180009950	FUN_180009950	180004020	FUN_180004020@180004020	false
180009950	FUN_180009950	180003f90	FUN_180003f90@180003f90	false
180009950	FUN_180009950	180037400	free@180037400	false
180009950	FUN_180009950	18000d070	FUN_18000d070@18000d070	false
180009950	FUN_180009950	1800040e0	FUN_1800040e0@1800040e0	false
180009ae0	FUN_180009ae0	18000d070	FUN_18000d070@18000d070	false
180009b10	FUN_180009b10	180036880	FUN_180036880@180036880	false
180009b10	FUN_180009b10	18000d0e0	FUN_18000d0e0@18000d0e0	false
180009b40	FUN_180009b40	180037400	free@180037400	false
180009b40	FUN_180009b40	18000d070	FUN_18000d070@18000d070	false
180009bf0	FUN_180009bf0	180037400	free@180037400	false
180009bf0	FUN_180009bf0	18000d070	FUN_18000d070@18000d070	false
180009c80	FUN_180009c80	180037400	free@180037400	false
180009c80	FUN_180009c80	18000d0e0	FUN_18000d0e0@18000d0e0	false
180009d10	FUN_180009d10	EXTERNAL:0000008f	rdbuf@EXTERNAL:0000008f	true
180009db0	FUN_180009db0	1800363a7	uncaught_exception@1800363a7	false
180009db0	FUN_180009db0	EXTERNAL:0000008f	rdbuf@EXTERNAL:0000008f	true
180009db0	FUN_180009db0	EXTERNAL:00000094	_Osfx@EXTERNAL:00000094	true
180009e00	FUN_180009e00	180037400	free@180037400	false
180009ea0	FUN_180009ea0	180037400	free@180037400	false
180009f40	FUN_180009f40	180009ea0	FUN_180009ea0@180009ea0	false
180009f40	FUN_180009f40	180037400	free@180037400	false
18000a0a0	FUN_18000a0a0	180002030	FUN_180002030@180002030	false
18000a0f0	FUN_18000a0f0	180006c80	FUN_180006c80@180006c80	false
18000a0f0	FUN_18000a0f0	1800081a0	FUN_1800081a0@1800081a0	false
18000a0f0	FUN_18000a0f0	18000aab0	FUN_18000aab0@18000aab0	false
18000a260	FUN_18000a260	18003836a	memcpy@18003836a	false
18000a260	FUN_18000a260	180038364	memcmp@180038364	false
18000a260	FUN_18000a260	180037400	free@180037400	false
18000a260	FUN_18000a260	18000cdd0	FUN_18000cdd0@18000cdd0	false
18000a260	FUN_18000a260	180002340	FUN_180002340@180002340	false
18000a260	FUN_18000a260	1800373b0	FUN_1800373b0@1800373b0	false
18000a260	FUN_18000a260	18000d170	FUN_18000d170@18000d170	false
18000a260	FUN_18000a260	EXTERNAL:000000d0	tolower@EXTERNAL:000000d0	true
18000a260	FUN_18000a260	1800383a0	strlen@1800383a0	false
18000a260	FUN_18000a260	180020450	FUN_180020450@180020450	false
18000a520	FUN_18000a520	180035073	getColumnType@180035073	false
18000a520	FUN_18000a520	EXTERNAL:000000ce	strtoll@EXTERNAL:000000ce	true
18000a520	FUN_18000a520	180037a30	__security_check_cookie@180037a30	false
18000a520	FUN_18000a520	18003505b	getDouble@18003505b	false
18000a520	FUN_18000a520	180037400	free@180037400	false
18000a520	FUN_18000a520	180002340	FUN_180002340@180002340	false
18000a520	FUN_18000a520	180035061	getText@180035061	false
18000a520	FUN_18000a520	180035013	data@180035013	false
18000a520	FUN_18000a520	180035019	length@180035019	false
18000a520	FUN_18000a520	18003500d	~UnsafeStringView@18003500d	false
18000a520	FUN_18000a520	180035055	getInteger@180035055	false
18000a750	FUN_18000a750	180038364	memcmp@180038364	false
18000a750	FUN_18000a750	18000a260	FUN_18000a260@18000a260	false
18000a750	FUN_18000a750	180007c00	FUN_180007c00@180007c00	false
18000a750	FUN_18000a750	180002aa0	FUN_180002aa0@180002aa0	false
18000a870	FUN_18000a870	180037a30	__security_check_cookie@180037a30	false
18000a870	FUN_18000a870	180037400	free@180037400	false
18000a870	FUN_18000a870	180002340	FUN_180002340@180002340	false
18000a870	FUN_18000a870	EXTERNAL:000000cf	isdigit@EXTERNAL:000000cf	true
18000a870	FUN_18000a870	180036350	thunk_FUN_180035600@180036350	false
18000a870	FUN_18000a870	18000d1d0	FUN_18000d1d0@18000d1d0	false
18000aa10	FUN_18000aa10	180038364	memcmp@180038364	false
18000aa80	FUN_18000aa80	180001c10	FUN_180001c10@180001c10	false
18000aa80	FUN_18000aa80	1800383a0	strlen@1800383a0	false
18000aab0	FUN_18000aab0	18000c190	FUN_18000c190@18000c190	false
18000aab0	FUN_18000aab0	18001ba40	FUN_18001ba40@18001ba40	false
18000aab0	FUN_18000aab0	18000c9c0	FUN_18000c9c0@18000c9c0	false
18000aab0	FUN_18000aab0	1800170a0	FUN_1800170a0@1800170a0	false
18000aab0	FUN_18000aab0	180001ea0	FUN_180001ea0@180001ea0	false
18000aab0	FUN_18000aab0	180001ca0	FUN_180001ca0@180001ca0	false
18000aab0	FUN_18000aab0	1800112d0	FUN_1800112d0@1800112d0	false
18000abf0	FUN_18000abf0	EXTERNAL:0000009b	~basic_istream<char,std::char_traits<char>_>@EXTERNAL:0000009b	true
18000abf0	FUN_18000abf0	180009290	FUN_180009290@180009290	false
18000ac50	FUN_18000ac50	180009290	FUN_180009290@180009290	false
18000ac50	FUN_18000ac50	EXTERNAL:00000093	~basic_ostream<char,std::char_traits<char>_>@EXTERNAL:00000093	true
18000acb0	FUN_18000acb0	180009380	FUN_180009380@180009380	false
18000acb0	FUN_18000acb0	EXTERNAL:00000093	~basic_ostream<char,std::char_traits<char>_>@EXTERNAL:00000093	true
18000ad04	FUN_18000ad04	18000ae30	FUN_18000ae30@18000ae30	false
18000ad10	FUN_18000ad10	18000aed0	FUN_18000aed0@18000aed0	false
18000ad1c	FUN_18000ad1c	18000af70	FUN_18000af70@18000af70	false
18000ad30	FUN_18000ad30	180037400	free@180037400	false
18000ad60	FUN_18000ad60	180037400	free@180037400	false
18000ad90	FUN_18000ad90	180037400	free@180037400	false
18000adc0	FUN_18000adc0	180037400	free@180037400	false
18000adf0	FUN_18000adf0	180037400	free@180037400	false
18000adf0	FUN_18000adf0	180009290	FUN_180009290@180009290	false
18000ae30	FUN_18000ae30	EXTERNAL:0000008c	~basic_ios<char,std::char_traits<char>_>@EXTERNAL:0000008c	true
18000ae30	FUN_18000ae30	EXTERNAL:0000009b	~basic_istream<char,std::char_traits<char>_>@EXTERNAL:0000009b	true
18000ae30	FUN_18000ae30	180037400	free@180037400	false
18000ae30	FUN_18000ae30	180009290	FUN_180009290@180009290	false
18000aed0	FUN_18000aed0	EXTERNAL:0000008c	~basic_ios<char,std::char_traits<char>_>@EXTERNAL:0000008c	true
18000aed0	FUN_18000aed0	180037400	free@180037400	false
18000aed0	FUN_18000aed0	180009290	FUN_180009290@180009290	false
18000aed0	FUN_18000aed0	EXTERNAL:00000093	~basic_ostream<char,std::char_traits<char>_>@EXTERNAL:00000093	true
18000af70	FUN_18000af70	EXTERNAL:0000008c	~basic_ios<char,std::char_traits<char>_>@EXTERNAL:0000008c	true
18000af70	FUN_18000af70	180009380	FUN_180009380@180009380	false
18000af70	FUN_18000af70	180037400	free@180037400	false
18000af70	FUN_18000af70	EXTERNAL:00000093	~basic_ostream<char,std::char_traits<char>_>@EXTERNAL:00000093	true
18000b010	FUN_18000b010	180037400	free@180037400	false
18000b010	FUN_18000b010	18000d070	FUN_18000d070@18000d070	false
18000b050	FUN_18000b050	180009380	FUN_180009380@180009380	false
18000b050	FUN_18000b050	180037400	free@180037400	false
18000b090	FUN_18000b090	180037400	free@180037400	false
18000b0c0	FUN_18000b0c0	18003834c	__std_exception_destroy@18003834c	false
18000b0c0	FUN_18000b0c0	180037400	free@180037400	false
18000b110	FUN_18000b110	18003834c	__std_exception_destroy@18003834c	false
18000b110	FUN_18000b110	180037400	free@180037400	false
18000b160	FUN_18000b160	180036860	FUN_180036860@180036860	false
18000b160	FUN_18000b160	180037a30	__security_check_cookie@180037a30	false
18000b160	FUN_18000b160	18000ca50	FUN_18000ca50@18000ca50	false
18000b240	FUN_18000b240	180036860	FUN_180036860@180036860	false
18000b240	FUN_18000b240	180020e10	FUN_180020e10@180020e10	false
18000b240	FUN_18000b240	180037a30	__security_check_cookie@180037a30	false
18000b240	FUN_18000b240	1800038d0	FUN_1800038d0@1800038d0	false
18000b240	FUN_18000b240	18000ca50	FUN_18000ca50@18000ca50	false
18000b240	FUN_18000b240	180036880	FUN_180036880@180036880	false
18000b240	FUN_18000b240	18000cc00	FUN_18000cc00@18000cc00	false
18000b240	FUN_18000b240	180036b80	FUN_180036b80@180036b80	false
18000b240	FUN_18000b240	18000c820	FUN_18000c820@18000c820	false
18000b510	FUN_18000b510	18000cdd0	FUN_18000cdd0@18000cdd0	false
18000b510	FUN_18000b510	1800373b0	FUN_1800373b0@1800373b0	false
18000b590	FUN_18000b590	18000cdd0	FUN_18000cdd0@18000cdd0	false
18000b590	FUN_18000b590	1800373b0	FUN_1800373b0@1800373b0	false
18000b620	FUN_18000b620	180037400	free@180037400	false
18000b690	FUN_18000b690	180037400	free@180037400	false
18000b710	FUN_18000b710	180037400	free@180037400	false
18000b710	FUN_18000b710	18000d070	FUN_18000d070@18000d070	false
18000b7f0	FUN_18000b7f0	180037400	free@180037400	false
18000b7f0	FUN_18000b7f0	18000d070	FUN_18000d070@18000d070	false
18000b8b0	FUN_18000b8b0	180037400	free@180037400	false
18000b930	FUN_18000b930	180037400	free@180037400	false
18000b930	FUN_18000b930	18000d0e0	FUN_18000d0e0@18000d0e0	false
18000b9f0	FUN_18000b9f0	180036670	FUN_180036670@180036670	false
18000b9f0	FUN_18000b9f0	18001da10	FUN_18001da10@18001da10	false
18000b9f0	FUN_18000b9f0	18000ce10	FUN_18000ce10@18000ce10	false
18000b9f0	FUN_18000b9f0	18000ce50	FUN_18000ce50@18000ce50	false
18000bae0	FUN_18000bae0	180037400	free@180037400	false
18000bb20	FUN_18000bb20	180037400	free@180037400	false
18000bbe0	FUN_18000bbe0	180036880	FUN_180036880@180036880	false
18000bbe0	FUN_18000bbe0	18000d0e0	FUN_18000d0e0@18000d0e0	false
18000bc00	FUN_18000bc00	1800097b0	FUN_1800097b0@1800097b0	false
18000bc00	FUN_18000bc00	180036880	FUN_180036880@180036880	false
18000bc00	FUN_18000bc00	18000d0e0	FUN_18000d0e0@18000d0e0	false
18000bc30	FUN_18000bc30	180035025	~CipherConfig@180035025	false
18000bc50	FUN_18000bc50	EXTERNAL:0000006c	unshift@EXTERNAL:0000006c	true
18000bc50	FUN_18000bc50	EXTERNAL:000000c1	fwrite@EXTERNAL:000000c1	true
18000bc50	FUN_18000bc50	180037a30	__security_check_cookie@180037a30	false
18000bd40	FUN_18000bd40	18000cd10	FUN_18000cd10@18000cd10	false
18000bd40	FUN_18000bd40	18000c7a0	FUN_18000c7a0@18000c7a0	false
18000c120	FUN_18000c120	18000c190	FUN_18000c190@18000c190	false
18000c290	FUN_18000c290	180037a30	__security_check_cookie@180037a30	false
18000c290	FUN_18000c290	180036b80	FUN_180036b80@180036b80	false
18000c3e0	FUN_18000c3e0	180037a30	__security_check_cookie@180037a30	false
18000c3e0	FUN_18000c3e0	180036b80	FUN_180036b80@180036b80	false
18000c4d0	FUN_18000c4d0	180038352	__std_type_info_compare@180038352	false
18000c820	FUN_18000c820	1800368a0	FUN_1800368a0@1800368a0	false
18000c820	FUN_18000c820	1800081a0	FUN_1800081a0@1800081a0	false
18000c820	FUN_18000c820	180037a30	__security_check_cookie@180037a30	false
18000c820	FUN_18000c820	1800383a6	wcslen@1800383a6	false
18000c820	FUN_18000c820	18000cd70	FUN_18000cd70@18000cd70	false
18000c820	FUN_18000c820	18000d0e0	FUN_18000d0e0@18000d0e0	false
18000c820	FUN_18000c820	180001a20	FUN_180001a20@180001a20	false
18000c820	FUN_18000c820	180036b80	FUN_180036b80@180036b80	false
18000c9c0	FUN_18000c9c0	180036390	thunk_FUN_180036130@180036390	false
18000ca50	FUN_18000ca50	18000c190	FUN_18000c190@18000c190	false
18000ca50	FUN_18000ca50	180037a30	__security_check_cookie@180037a30	false
18000ca50	FUN_18000ca50	1800383a6	wcslen@1800383a6	false
18000ca50	FUN_18000ca50	180037400	free@180037400	false
18000ca50	FUN_18000ca50	18000aab0	FUN_18000aab0@18000aab0	false
18000ca50	FUN_18000ca50	18000d1d0	FUN_18000d1d0@18000d1d0	false
18000ca50	FUN_18000ca50	180002440	FUN_180002440@180002440	false
18000cc00	FUN_18000cc00	18000c190	FUN_18000c190@18000c190	false
18000cc00	FUN_18000cc00	18000d1d0	FUN_18000d1d0@18000d1d0	false
18000ccd0	FUN_18000ccd0	EXTERNAL:00000078	eback@EXTERNAL:00000078	true
18000cd70	FUN_18000cd70	180036860	FUN_180036860@180036860	false
18000cdd0	FUN_18000cdd0	180008d50	FUN_180008d50@180008d50	false
18000cdd0	FUN_18000cdd0	180038358	_CxxThrowException@180038358	false
18000cdf0	FUN_18000cdf0	180038358	_CxxThrowException@180038358	false
18000cdf0	FUN_18000cdf0	180008dc0	FUN_180008dc0@180008dc0	false
18000ce10	FUN_18000ce10	180008ed0	FUN_180008ed0@180008ed0	false
18000ce10	FUN_18000ce10	180038358	_CxxThrowException@180038358	false
18000ce10	FUN_18000ce10	180018640	FUN_180018640@180018640	false
18000ce50	FUN_18000ce50	180008ed0	FUN_180008ed0@180008ed0	false
18000ce50	FUN_18000ce50	18000c800	FUN_18000c800@18000c800	false
18000ce50	FUN_18000ce50	180038358	_CxxThrowException@180038358	false
18000ce90	FUN_18000ce90	18003639b	_Xlength_error@18003639b	false
18000ceb0	FUN_18000ceb0	180037400	free@180037400	false
18000cf20	FUN_18000cf20	180037400	free@180037400	false
18000cf20	FUN_18000cf20	18000d070	FUN_18000d070@18000d070	false
18000cfe0	FUN_18000cfe0	180037400	free@180037400	false
18000cfe0	FUN_18000cfe0	18000d070	FUN_18000d070@18000d070	false
18000d070	FUN_18000d070	180037400	free@180037400	false
18000d0e0	FUN_18000d0e0	180037400	free@180037400	false
18000d170	FUN_18000d170	18003639b	_Xlength_error@18003639b	false
18000d190	FUN_18000d190	18003639b	_Xlength_error@18003639b	false
18000d1b0	FUN_18000d1b0	18003639b	_Xlength_error@18003639b	false
18000d1d0	FUN_18000d1d0	1800363a1	_Xout_of_range@1800363a1	false
18000d1f0	FUN_18000d1f0	18000cdd0	FUN_18000cdd0@18000cdd0	false
18000d1f0	FUN_18000d1f0	1800373b0	FUN_1800373b0@1800373b0	false
18000d260	FUN_18000d260	18000cdd0	FUN_18000cdd0@18000cdd0	false
18000d260	FUN_18000d260	1800373b0	FUN_1800373b0@1800373b0	false
18000d2d0	FUN_18000d2d0	18001b7f0	FUN_18001b7f0@18001b7f0	false
18000d2d0	FUN_18000d2d0	1800363bf	_Mtx_unlock@1800363bf	false
18000d2d0	FUN_18000d2d0	1800363b9	_Mtx_lock@1800363b9	false
18000d2d0	FUN_18000d2d0	180011190	FUN_180011190@180011190	false
18000d2d0	FUN_18000d2d0	1800193e0	FUN_1800193e0@1800193e0	false
18000d2d0	FUN_18000d2d0	1800363c5	_Throw_Cpp_error@1800363c5	false
18000d390	FUN_18000d390	180001d30	FUN_180001d30@180001d30	false
18000d390	FUN_18000d390	1800383a0	strlen@1800383a0	false
18000d3c0	FUN_18000d3c0	EXTERNAL:00000073	basic_streambuf<char,std::char_traits<char>_>@EXTERNAL:00000073	true
18000d3c0	FUN_18000d3c0	EXTERNAL:0000008c	~basic_ios<char,std::char_traits<char>_>@EXTERNAL:0000008c	true
18000d3c0	FUN_18000d3c0	18003836a	memcpy@18003836a	false
18000d3c0	FUN_18000d3c0	1800073c0	FUN_1800073c0@1800073c0	false
18000d3c0	FUN_18000d3c0	EXTERNAL:00000091	basic_ios<char,std::char_traits<char>_>@EXTERNAL:00000091	true
18000d3c0	FUN_18000d3c0	180003af0	FUN_180003af0@180003af0	false
18000d3c0	FUN_18000d3c0	1800062a0	FUN_1800062a0@1800062a0	false
18000d3c0	FUN_18000d3c0	18000d070	FUN_18000d070@18000d070	false
18000d3c0	FUN_18000d3c0	1800046a0	FUN_1800046a0@1800046a0	false
18000d3c0	FUN_18000d3c0	180020170	FUN_180020170@180020170	false
18000d3c0	FUN_18000d3c0	EXTERNAL:00000093	~basic_ostream<char,std::char_traits<char>_>@EXTERNAL:00000093	true
18000d3c0	FUN_18000d3c0	1800011f0	FUN_1800011f0@1800011f0	false
18000d3c0	FUN_18000d3c0	180001420	FUN_180001420@180001420	false
18000d3c0	FUN_18000d3c0	EXTERNAL:00000095	operator<<@EXTERNAL:00000095	true
18000d3c0	FUN_18000d3c0	EXTERNAL:00000092	basic_ostream<char,std::char_traits<char>_>@EXTERNAL:00000092	true
18000d3c0	FUN_18000d3c0	180009380	FUN_180009380@180009380	false
18000d3c0	FUN_18000d3c0	180038370	memmove@180038370	false
18000d3c0	FUN_18000d3c0	1800010c0	FUN_1800010c0@1800010c0	false
18000d3c0	FUN_18000d3c0	180037a30	__security_check_cookie@180037a30	false
18000d3c0	FUN_18000d3c0	180037400	free@180037400	false
18000d3c0	FUN_18000d3c0	18001fdb0	FUN_18001fdb0@18001fdb0	false
18000d3c0	FUN_18000d3c0	EXTERNAL:00000096	operator<<@EXTERNAL:00000096	true
18000def0	FUN_18000def0	18003836a	memcpy@18003836a	false
18000def0	FUN_18000def0	180037400	free@180037400	false
18000def0	FUN_18000def0	18000cdd0	FUN_18000cdd0@18000cdd0	false
18000def0	FUN_18000def0	1800373b0	FUN_1800373b0@1800373b0	false
18000def0	FUN_18000def0	18000d170	FUN_18000d170@18000d170	false
18000def0	FUN_18000def0	18001d580	FUN_18001d580@18001d580	false
18000e260	FUN_18000e260	EXTERNAL:00000073	basic_streambuf<char,std::char_traits<char>_>@EXTERNAL:00000073	true
18000e260	FUN_18000e260	18003836a	memcpy@18003836a	false
18000e260	FUN_18000e260	18000def0	FUN_18000def0@18000def0	false
18000e260	FUN_18000e260	1800062a0	FUN_1800062a0@1800062a0	false
18000e260	FUN_18000e260	180020170	FUN_180020170@180020170	false
18000e260	FUN_18000e260	EXTERNAL:00000092	basic_ostream<char,std::char_traits<char>_>@EXTERNAL:00000092	true
18000e260	FUN_18000e260	180037400	free@180037400	false
18000e260	FUN_18000e260	180035067	getBLOB@180035067	false
18000e260	FUN_18000e260	180034fe9	~UnsafeData@180034fe9	false
18000e260	FUN_18000e260	180037286	setprecision@180037286	false
18000e260	FUN_18000e260	EXTERNAL:0000008c	~basic_ios<char,std::char_traits<char>_>@EXTERNAL:0000008c	true
18000e260	FUN_18000e260	EXTERNAL:00000097	operator<<@EXTERNAL:00000097	true
18000e260	FUN_18000e260	EXTERNAL:00000091	basic_ios<char,std::char_traits<char>_>@EXTERNAL:00000091	true
18000e260	FUN_18000e260	180006110	FUN_180006110@180006110	false
18000e260	FUN_18000e260	180035061	getText@180035061	false
18000e260	FUN_18000e260	180035013	data@180035013	false
18000e260	FUN_18000e260	EXTERNAL:00000093	~basic_ostream<char,std::char_traits<char>_>@EXTERNAL:00000093	true
18000e260	FUN_18000e260	180034ff5	size@180034ff5	false
18000e260	FUN_18000e260	180035073	getColumnType@180035073	false
18000e260	FUN_18000e260	180038370	memmove@180038370	false
18000e260	FUN_18000e260	180009380	FUN_180009380@180009380	false
18000e260	FUN_18000e260	18003505b	getDouble@18003505b	false
18000e260	FUN_18000e260	180037a30	__security_check_cookie@180037a30	false
18000e260	FUN_18000e260	180034ffb	buffer@180034ffb	false
18000e260	FUN_18000e260	180020570	FUN_180020570@180020570	false
18000e260	FUN_18000e260	1800176b0	FUN_1800176b0@1800176b0	false
18000e260	FUN_18000e260	180035019	length@180035019	false
18000e260	FUN_18000e260	18003500d	~UnsafeStringView@18003500d	false
18000e260	FUN_18000e260	1800017f0	FUN_1800017f0@1800017f0	false
18000e260	FUN_18000e260	180035055	getInteger@180035055	false
18000e820	FUN_18000e820	180036390	thunk_FUN_180036130@180036390	false
18000e880	FUN_18000e880	18000c190	FUN_18000c190@18000c190	false
18000e880	FUN_18000e880	18000c9c0	FUN_18000c9c0@18000c9c0	false
18000ea30	FUN_18000ea30	180006460	FUN_180006460@180006460	false
18000ea30	FUN_18000ea30	18000c190	FUN_18000c190@18000c190	false
18000ea30	FUN_18000ea30	180038370	memmove@180038370	false
18000ea30	FUN_18000ea30	180037a30	__security_check_cookie@180037a30	false
18000ea30	FUN_18000ea30	180037400	free@180037400	false
18000ea30	FUN_18000ea30	18001d760	FUN_18001d760@18001d760	false
18000ea30	FUN_18000ea30	1800367e0	FUN_1800367e0@1800367e0	false
18000ed50	FUN_18000ed50	180037400	free@180037400	false
18000ed90	FUN_18000ed90	180037400	free@180037400	false
18000edd0	FUN_18000edd0	180037400	free@180037400	false
18000ee20	FUN_18000ee20	18001e9f0	FUN_18001e9f0@18001e9f0	false
18000ee20	FUN_18000ee20	180002340	FUN_180002340@180002340	false
18000ee20	FUN_18000ee20	180035061	getText@180035061	false
18000ee20	FUN_18000ee20	180035013	data@180035013	false
18000ee20	FUN_18000ee20	180035031	decompressContent@180035031	false
18000ee20	FUN_18000ee20	180034ff5	size@180034ff5	false
18000ee20	FUN_18000ee20	180035073	getColumnType@180035073	false
18000ee20	FUN_18000ee20	180037a30	__security_check_cookie@180037a30	false
18000ee20	FUN_18000ee20	180034ffb	buffer@180034ffb	false
18000ee20	FUN_18000ee20	180035067	getBLOB@180035067	false
18000ee20	FUN_18000ee20	18003502b	shared@18003502b	false
18000ee20	FUN_18000ee20	180035019	length@180035019	false
18000ee20	FUN_18000ee20	18003500d	~UnsafeStringView@18003500d	false
18000ee20	FUN_18000ee20	180034fe9	~UnsafeData@180034fe9	false
18000f070	FUN_18000f070	1800364bd	_Winerror_map@1800364bd	false
18000f100	FUN_18000f100	18003836a	memcpy@18003836a	false
18000f100	FUN_18000f100	180011150	FUN_180011150@180011150	false
18000f100	FUN_18000f100	180007d60	FUN_180007d60@180007d60	false
18000f100	FUN_18000f100	180015680	FUN_180015680@180015680	false
18000f100	FUN_18000f100	180001c10	FUN_180001c10@180001c10	false
18000f100	FUN_18000f100	18000d0e0	FUN_18000d0e0@18000d0e0	false
18000f100	FUN_18000f100	18000ce50	FUN_18000ce50@18000ce50	false
18000f100	FUN_18000f100	180007d10	FUN_180007d10@180007d10	false
18000f100	FUN_18000f100	1800363bf	_Mtx_unlock@1800363bf	false
18000f100	FUN_18000f100	18000cf20	FUN_18000cf20@18000cf20	false
18000f100	FUN_18000f100	18000d170	FUN_18000d170@18000d170	false
18000f100	FUN_18000f100	18001bdd0	FUN_18001bdd0@18001bdd0	false
18000f100	FUN_18000f100	1800016e0	FUN_1800016e0@1800016e0	false
18000f100	FUN_18000f100	18000ce10	FUN_18000ce10@18000ce10	false
18000f100	FUN_18000f100	1800067e0	FUN_1800067e0@1800067e0	false
18000f100	FUN_18000f100	18000d070	FUN_18000d070@18000d070	false
18000f100	FUN_18000f100	180007f50	FUN_180007f50@180007f50	false
18000f100	FUN_18000f100	180009560	FUN_180009560@180009560	false
18000f100	FUN_18000f100	180018260	FUN_180018260@180018260	false
18000f100	FUN_18000f100	180001780	FUN_180001780@180001780	false
18000f100	FUN_18000f100	180002570	FUN_180002570@180002570	false
18000f100	FUN_18000f100	180017420	FUN_180017420@180017420	false
18000f100	FUN_18000f100	18001b5f0	FUN_18001b5f0@18001b5f0	false
18000f100	FUN_18000f100	18000a0a0	FUN_18000a0a0@18000a0a0	false
18000f100	FUN_18000f100	180007c00	FUN_180007c00@180007c00	false
18000f100	FUN_18000f100	1800017f0	FUN_1800017f0@1800017f0	false
18000f100	FUN_18000f100	1800141a0	FUN_1800141a0@1800141a0	false
18000f100	FUN_18000f100	180001920	FUN_180001920@180001920	false
18000f100	FUN_18000f100	180038376	memset@180038376	false
18000f100	FUN_18000f100	1800366c0	FUN_1800366c0@1800366c0	false
18000f100	FUN_18000f100	180016af0	FUN_180016af0@180016af0	false
18000f100	FUN_18000f100	1800062a0	FUN_1800062a0@1800062a0	false
18000f100	FUN_18000f100	180038364	memcmp@180038364	false
18000f100	FUN_18000f100	180015270	FUN_180015270@180015270	false
18000f100	FUN_18000f100	180001710	FUN_180001710@180001710	false
18000f100	FUN_18000f100	180015d00	FUN_180015d00@180015d00	false
18000f100	FUN_18000f100	1800010c0	FUN_1800010c0@1800010c0	false
18000f100	FUN_18000f100	180037400	free@180037400	false
18000f100	FUN_18000f100	180007420	FUN_180007420@180007420	false
18000f100	FUN_18000f100	180020500	FUN_180020500@180020500	false
18000f100	FUN_18000f100	1800363b3	_Query_perf_frequency@1800363b3	false
18000f100	FUN_18000f100	180009ae0	FUN_180009ae0@180009ae0	false
18000f100	FUN_18000f100	1800073c0	FUN_1800073c0@1800073c0	false
18000f100	FUN_18000f100	180006110	FUN_180006110@180006110	false
18000f100	FUN_18000f100	180018660	FUN_180018660@180018660	false
18000f100	FUN_18000f100	180020310	FUN_180020310@180020310	false
18000f100	FUN_18000f100	18001bd50	FUN_18001bd50@18001bd50	false
18000f100	FUN_18000f100	1800363b9	_Mtx_lock@1800363b9	false
18000f100	FUN_18000f100	180038370	memmove@180038370	false
18000f100	FUN_18000f100	1800193e0	FUN_1800193e0@1800193e0	false
18000f100	FUN_18000f100	180037a30	__security_check_cookie@180037a30	false
18000f100	FUN_18000f100	1800083b0	FUN_1800083b0@1800083b0	false
18000f100	FUN_18000f100	180020570	FUN_180020570@180020570	false
18000f100	FUN_18000f100	1800363ad	_Query_perf_counter@1800363ad	false
18000f100	FUN_18000f100	1800363c5	_Throw_Cpp_error@1800363c5	false
180011150	FUN_180011150	1800193e0	FUN_1800193e0@1800193e0	false
180011190	FUN_180011190	EXTERNAL:0000003e	RegOpenKeyExA@EXTERNAL:0000003e	true
180011190	FUN_180011190	180013ce0	FUN_180013ce0@180013ce0	false
180011190	FUN_180011190	EXTERNAL:0000003d	RegQueryValueExA@EXTERNAL:0000003d	true
180011190	FUN_180011190	EXTERNAL:00000040	RegCloseKey@EXTERNAL:00000040	true
1800112d0	FUN_1800112d0	18000d1d0	FUN_18000d1d0@18000d1d0	false
180011310	FUN_180011310	180037400	free@180037400	false
180011310	FUN_180011310	18000d070	FUN_18000d070@18000d070	false
1800113f0	FUN_1800113f0	18003836a	memcpy@18003836a	false
1800113f0	FUN_1800113f0	180007d60	FUN_180007d60@180007d60	false
1800113f0	FUN_1800113f0	180002cc0	FUN_180002cc0@180002cc0	false
1800113f0	FUN_1800113f0	180002340	FUN_180002340@180002340	false
1800113f0	FUN_1800113f0	180003210	FUN_180003210@180003210	false
1800113f0	FUN_1800113f0	180001c10	FUN_180001c10@180001c10	false
1800113f0	FUN_1800113f0	18000d0e0	FUN_18000d0e0@18000d0e0	false
1800113f0	FUN_1800113f0	180007d10	FUN_180007d10@180007d10	false
1800113f0	FUN_1800113f0	18000d190	FUN_18000d190@18000d190	false
1800113f0	FUN_1800113f0	1800363bf	_Mtx_unlock@1800363bf	false
1800113f0	FUN_1800113f0	18001fdb0	FUN_18001fdb0@18001fdb0	false
1800113f0	FUN_1800113f0	18001d3f0	FUN_18001d3f0@18001d3f0	false
1800113f0	FUN_1800113f0	18003503d	get@18003503d	false
1800113f0	FUN_1800113f0	18001b8a0	FUN_18001b8a0@18001b8a0	false
1800113f0	FUN_1800113f0	18001d580	FUN_18001d580@18001d580	false
1800113f0	FUN_1800113f0	18000d070	FUN_18000d070@18000d070	false
1800113f0	FUN_1800113f0	180035061	getText@180035061	false
1800113f0	FUN_1800113f0	180035013	data@180035013	false
1800113f0	FUN_1800113f0	180018260	FUN_180018260@180018260	false
1800113f0	FUN_1800113f0	18000bae0	FUN_18000bae0@18000bae0	false
1800113f0	FUN_1800113f0	18000ed90	FUN_18000ed90@18000ed90	false
1800113f0	FUN_1800113f0	18000a750	FUN_18000a750@18000a750	false
1800113f0	FUN_1800113f0	180009950	FUN_180009950@180009950	false
1800113f0	FUN_1800113f0	18000e260	FUN_18000e260@18000e260	false
1800113f0	FUN_1800113f0	18003500d	~UnsafeStringView@18003500d	false
1800113f0	FUN_1800113f0	180007c00	FUN_180007c00@180007c00	false
1800113f0	FUN_1800113f0	EXTERNAL:000000d5	isalnum@EXTERNAL:000000d5	true
1800113f0	FUN_1800113f0	1800017f0	FUN_1800017f0@1800017f0	false
1800113f0	FUN_1800113f0	18000cfe0	FUN_18000cfe0@18000cfe0	false
1800113f0	FUN_1800113f0	1800062a0	FUN_1800062a0@1800062a0	false
1800113f0	FUN_1800113f0	180035049	step@180035049	false
1800113f0	FUN_1800113f0	18001b280	FUN_18001b280@18001b280	false
1800113f0	FUN_1800113f0	18003504f	done@18003504f	false
1800113f0	FUN_1800113f0	18000a260	FUN_18000a260@18000a260	false
1800113f0	FUN_1800113f0	180001b90	FUN_180001b90@180001b90	false
1800113f0	FUN_1800113f0	180015d00	FUN_180015d00@180015d00	false
1800113f0	FUN_1800113f0	18000ee20	FUN_18000ee20@18000ee20	false
1800113f0	FUN_1800113f0	1800082d0	FUN_1800082d0@1800082d0	false
1800113f0	FUN_1800113f0	180015c10	FUN_180015c10@180015c10	false
1800113f0	FUN_1800113f0	18001daa0	FUN_18001daa0@18001daa0	false
1800113f0	FUN_1800113f0	180035037	~RecyclableHandle@180035037	false
1800113f0	FUN_1800113f0	1800010c0	FUN_1800010c0@1800010c0	false
1800113f0	FUN_1800113f0	180037400	free@180037400	false
1800113f0	FUN_1800113f0	1800383a0	strlen@1800383a0	false
1800113f0	FUN_1800113f0	180020500	FUN_180020500@180020500	false
1800113f0	FUN_1800113f0	180007420	FUN_180007420@180007420	false
1800113f0	FUN_1800113f0	180006110	FUN_180006110@180006110	false
1800113f0	FUN_1800113f0	180035007	UnsafeStringView@180035007	false
1800113f0	FUN_1800113f0	180018220	FUN_180018220@180018220	false
1800113f0	FUN_1800113f0	EXTERNAL:000000cc	malloc@EXTERNAL:000000cc	true
1800113f0	FUN_1800113f0	180035043	prepare@180035043	false
1800113f0	FUN_1800113f0	180020310	FUN_180020310@180020310	false
1800113f0	FUN_1800113f0	18000a520	FUN_18000a520@18000a520	false
1800113f0	FUN_1800113f0	180035073	getColumnType@180035073	false
1800113f0	FUN_1800113f0	180038370	memmove@180038370	false
1800113f0	FUN_1800113f0	180037a30	__security_check_cookie@180037a30	false
1800113f0	FUN_1800113f0	180020570	FUN_180020570@180020570	false
1800113f0	FUN_1800113f0	1800176b0	FUN_1800176b0@1800176b0	false
1800113f0	FUN_1800113f0	180035019	length@180035019	false
1800113f0	FUN_1800113f0	180035091	getHandle@180035091	false
180013c90	FUN_180013c90	18000c3e0	FUN_18000c3e0@18000c3e0	false
180013ce0	FUN_180013ce0	EXTERNAL:00000073	basic_streambuf<char,std::char_traits<char>_>@EXTERNAL:00000073	true
180013ce0	FUN_180013ce0	EXTERNAL:0000008c	~basic_ios<char,std::char_traits<char>_>@EXTERNAL:0000008c	true
180013ce0	FUN_180013ce0	EXTERNAL:00000091	basic_ios<char,std::char_traits<char>_>@EXTERNAL:00000091	true
180013ce0	FUN_180013ce0	180019490	FUN_180019490@180019490	false
180013ce0	FUN_180013ce0	18000d0e0	FUN_18000d0e0@18000d0e0	false
180013ce0	FUN_180013ce0	EXTERNAL:00000088	_Init@EXTERNAL:00000088	true
180013ce0	FUN_180013ce0	EXTERNAL:0000009c	read@EXTERNAL:0000009c	true
180013ce0	FUN_180013ce0	180009290	FUN_180009290@180009290	false
180013ce0	FUN_180013ce0	180016840	FUN_180016840@180016840	false
180013ce0	FUN_180013ce0	EXTERNAL:0000008d	setstate@EXTERNAL:0000008d	true
180013ce0	FUN_180013ce0	180037a30	__security_check_cookie@180037a30	false
180013ce0	FUN_180013ce0	EXTERNAL:0000009a	basic_istream<char,std::char_traits<char>_>@EXTERNAL:0000009a	true
180013ce0	FUN_180013ce0	EXTERNAL:0000009b	~basic_istream<char,std::char_traits<char>_>@EXTERNAL:0000009b	true
180013ce0	FUN_180013ce0	EXTERNAL:0000006e	operator!@EXTERNAL:0000006e	true
180013f50	FUN_180013f50	EXTERNAL:00000073	basic_streambuf<char,std::char_traits<char>_>@EXTERNAL:00000073	true
180013f50	FUN_180013f50	EXTERNAL:0000008c	~basic_ios<char,std::char_traits<char>_>@EXTERNAL:0000008c	true
180013f50	FUN_180013f50	EXTERNAL:00000091	basic_ios<char,std::char_traits<char>_>@EXTERNAL:00000091	true
180013f50	FUN_180013f50	180019490	FUN_180019490@180019490	false
180013f50	FUN_180013f50	18000d0e0	FUN_18000d0e0@18000d0e0	false
180013f50	FUN_180013f50	EXTERNAL:00000088	_Init@EXTERNAL:00000088	true
180013f50	FUN_180013f50	180009290	FUN_180009290@180009290	false
180013f50	FUN_180013f50	EXTERNAL:00000093	~basic_ostream<char,std::char_traits<char>_>@EXTERNAL:00000093	true
180013f50	FUN_180013f50	180016840	FUN_180016840@180016840	false
180013f50	FUN_180013f50	EXTERNAL:0000008d	setstate@EXTERNAL:0000008d	true
180013f50	FUN_180013f50	EXTERNAL:00000092	basic_ostream<char,std::char_traits<char>_>@EXTERNAL:00000092	true
180013f50	FUN_180013f50	180037a30	__security_check_cookie@180037a30	false
180013f50	FUN_180013f50	EXTERNAL:0000006e	operator!@EXTERNAL:0000006e	true
180013f50	FUN_180013f50	EXTERNAL:00000098	write@EXTERNAL:00000098	true
1800141a0	FUN_1800141a0	18000c190	FUN_18000c190@18000c190	false
1800141a0	FUN_1800141a0	180002440	FUN_180002440@180002440	false
180014260	FUN_180014260	18003836a	memcpy@18003836a	false
180014260	FUN_180014260	180038364	memcmp@180038364	false
180014260	FUN_180014260	18000a0f0	FUN_18000a0f0@18000a0f0	false
180014260	FUN_180014260	18000cdd0	FUN_18000cdd0@18000cdd0	false
180014260	FUN_180014260	1800373b0	FUN_1800373b0@1800373b0	false
180014260	FUN_180014260	18000d0e0	FUN_18000d0e0@18000d0e0	false
180014260	FUN_180014260	18000c3e0	FUN_18000c3e0@18000c3e0	false
180014260	FUN_180014260	180002440	FUN_180002440@180002440	false
180014260	FUN_180014260	1800081a0	FUN_1800081a0@1800081a0	false
180014260	FUN_180014260	18000bb20	FUN_18000bb20@18000bb20	false
180014260	FUN_180014260	180037400	free@180037400	false
180014260	FUN_180014260	180036640	FUN_180036640@180036640	false
180014260	FUN_180014260	18000c290	FUN_18000c290@18000c290	false
180014260	FUN_180014260	18000d170	FUN_18000d170@18000d170	false
180014260	FUN_180014260	18000aab0	FUN_18000aab0@18000aab0	false
180014260	FUN_180014260	180036b80	FUN_180036b80@180036b80	false
180014260	FUN_180014260	180006c80	FUN_180006c80@180006c80	false
180014260	FUN_180014260	18000c190	FUN_18000c190@18000c190	false
180014260	FUN_180014260	180003af0	FUN_180003af0@180003af0	false
180014260	FUN_180014260	18000c0d0	FUN_18000c0d0@18000c0d0	false
180014260	FUN_180014260	1800044e0	FUN_1800044e0@1800044e0	false
180014260	FUN_180014260	18000c120	FUN_18000c120@18000c120	false
180014260	FUN_180014260	18000d070	FUN_18000d070@18000d070	false
180014260	FUN_180014260	EXTERNAL:000000d0	tolower@EXTERNAL:000000d0	true
180014260	FUN_180014260	180002570	FUN_180002570@180002570	false
180014260	FUN_180014260	18000b9f0	FUN_18000b9f0@18000b9f0	false
180014260	FUN_180014260	180037a30	__security_check_cookie@180037a30	false
180014260	FUN_180014260	18000b240	FUN_18000b240@18000b240	false
180014260	FUN_180014260	180036380	thunk_FUN_180035ac0@180036380	false
180015270	FUN_180015270	18003836a	memcpy@18003836a	false
180015270	FUN_180015270	180001d30	FUN_180001d30@180001d30	false
180015270	FUN_180015270	1800062a0	FUN_1800062a0@1800062a0	false
180015270	FUN_180015270	180006110	FUN_180006110@180006110	false
180015270	FUN_180015270	18001fbd0	FUN_18001fbd0@18001fbd0	false
180015270	FUN_180015270	180035007	UnsafeStringView@180035007	false
180015270	FUN_180015270	180035061	getText@180035061	false
180015270	FUN_180015270	180035013	data@180035013	false
180015270	FUN_180015270	180035049	step@180035049	false
180015270	FUN_180015270	18003504f	done@18003504f	false
180015270	FUN_180015270	180035043	prepare@180035043	false
180015270	FUN_180015270	180038370	memmove@180038370	false
180015270	FUN_180015270	180035037	~RecyclableHandle@180035037	false
180015270	FUN_180015270	180037a30	__security_check_cookie@180037a30	false
180015270	FUN_180015270	180037400	free@180037400	false
180015270	FUN_180015270	18003503d	get@18003503d	false
180015270	FUN_180015270	180035019	length@180035019	false
180015270	FUN_180015270	18003500d	~UnsafeStringView@18003500d	false
180015270	FUN_180015270	180035091	getHandle@180035091	false
180015680	FUN_180015680	18000b160	FUN_18000b160@18000b160	false
180015680	FUN_180015680	18000a0f0	FUN_18000a0f0@18000a0f0	false
180015680	FUN_180015680	1800044e0	FUN_1800044e0@1800044e0	false
180015680	FUN_180015680	18000d0e0	FUN_18000d0e0@18000d0e0	false
180015680	FUN_180015680	18001e7d0	FUN_18001e7d0@18001e7d0	false
180015680	FUN_180015680	180004340	FUN_180004340@180004340	false
180015680	FUN_180015680	180002ff0	FUN_180002ff0@180002ff0	false
180015680	FUN_180015680	18000b9f0	FUN_18000b9f0@18000b9f0	false
180015680	FUN_180015680	1800081a0	FUN_1800081a0@1800081a0	false
180015680	FUN_180015680	180037a30	__security_check_cookie@180037a30	false
180015680	FUN_180015680	18000b240	FUN_18000b240@18000b240	false
180015680	FUN_180015680	180036640	FUN_180036640@180036640	false
180015680	FUN_180015680	18000c290	FUN_18000c290@18000c290	false
180015680	FUN_180015680	180036b80	FUN_180036b80@180036b80	false
180015680	FUN_180015680	180017120	FUN_180017120@180017120	false
180015c10	FUN_180015c10	1800363bf	_Mtx_unlock@1800363bf	false
180015c10	FUN_180015c10	1800363b9	_Mtx_lock@1800363b9	false
180015c10	FUN_180015c10	1800363c5	_Throw_Cpp_error@1800363c5	false
180015c10	FUN_180015c10	180008830	FUN_180008830@180008830	false
180015d00	FUN_180015d00	180038376	memset@180038376	false
180015d00	FUN_180015d00	1800366c0	FUN_1800366c0@1800366c0	false
180015d00	FUN_180015d00	180038364	memcmp@180038364	false
180015d00	FUN_180015d00	1800373b0	FUN_1800373b0@1800373b0	false
180015d00	FUN_180015d00	18000d0e0	FUN_18000d0e0@18000d0e0	false
180015d00	FUN_180015d00	18001e7d0	FUN_18001e7d0@18001e7d0	false
180015d00	FUN_180015d00	18001aa70	FUN_18001aa70@18001aa70	false
180015d00	FUN_180015d00	18000ce50	FUN_18000ce50@18000ce50	false
180015d00	FUN_180015d00	1800363bf	_Mtx_unlock@1800363bf	false
180015d00	FUN_180015d00	180037400	free@180037400	false
180015d00	FUN_180015d00	180017af0	FUN_180017af0@180017af0	false
180015d00	FUN_180015d00	18000ce10	FUN_18000ce10@18000ce10	false
180015d00	FUN_180015d00	18000ce90	FUN_18000ce90@18000ce90	false
180015d00	FUN_180015d00	1800067e0	FUN_1800067e0@1800067e0	false
180015d00	FUN_180015d00	18000c510	FUN_18000c510@18000c510	false
180015d00	FUN_180015d00	18000a010	FUN_18000a010@18000a010	false
180015d00	FUN_180015d00	180018260	FUN_180018260@180018260	false
180015d00	FUN_180015d00	180002570	FUN_180002570@180002570	false
180015d00	FUN_180015d00	1800363b9	_Mtx_lock@1800363b9	false
180015d00	FUN_180015d00	180037a30	__security_check_cookie@180037a30	false
180015d00	FUN_180015d00	180004270	FUN_180004270@180004270	false
180015d00	FUN_180015d00	180007940	FUN_180007940@180007940	false
180015d00	FUN_180015d00	180020450	FUN_180020450@180020450	false
180015d00	FUN_180015d00	180007c00	FUN_180007c00@180007c00	false
180015d00	FUN_180015d00	1800363c5	_Throw_Cpp_error@1800363c5	false
180015d00	FUN_180015d00	1800017f0	FUN_1800017f0@1800017f0	false
1800165f0	FUN_1800165f0	18000d190	FUN_18000d190@18000d190	false
1800165f0	FUN_1800165f0	18003836a	memcpy@18003836a	false
1800165f0	FUN_1800165f0	180037400	free@180037400	false
1800165f0	FUN_1800165f0	18000cdd0	FUN_18000cdd0@18000cdd0	false
1800165f0	FUN_1800165f0	1800373b0	FUN_1800373b0@1800373b0	false
1800165f0	FUN_1800165f0	18001ba80	FUN_18001ba80@18001ba80	false
180016840	FUN_180016840	180037a30	__security_check_cookie@180037a30	false
180016840	FUN_180016840	1800383a6	wcslen@1800383a6	false
180016840	FUN_180016840	18000a0f0	FUN_18000a0f0@18000a0f0	false
180016840	FUN_180016840	180037400	free@180037400	false
180016840	FUN_180016840	18000ea30	FUN_18000ea30@18000ea30	false
180016840	FUN_180016840	18000d0e0	FUN_18000d0e0@18000d0e0	false
180016840	FUN_180016840	EXTERNAL:000000c9	_wgetenv@EXTERNAL:000000c9	true
180016840	FUN_180016840	180002440	FUN_180002440@180002440	false
180016aa0	FUN_180016aa0	180007ae0	FUN_180007ae0@180007ae0	false
180016aa0	FUN_180016aa0	EXTERNAL:00000069	always_noconv@EXTERNAL:00000069	true
180016af0	FUN_180016af0	18003836a	memcpy@18003836a	false
180016af0	FUN_180016af0	1800062a0	FUN_1800062a0@1800062a0	false
180016af0	FUN_180016af0	180038364	memcmp@180038364	false
180016af0	FUN_180016af0	180006110	FUN_180006110@180006110	false
180016af0	FUN_180016af0	180035007	UnsafeStringView@180035007	false
180016af0	FUN_180016af0	180002340	FUN_180002340@180002340	false
180016af0	FUN_180016af0	180035061	getText@180035061	false
180016af0	FUN_180016af0	EXTERNAL:000000d0	tolower@EXTERNAL:000000d0	true
180016af0	FUN_180016af0	180035013	data@180035013	false
180016af0	FUN_180016af0	180035049	step@180035049	false
180016af0	FUN_180016af0	18003504f	done@18003504f	false
180016af0	FUN_180016af0	180035043	prepare@180035043	false
180016af0	FUN_180016af0	180038370	memmove@180038370	false
180016af0	FUN_180016af0	180035037	~RecyclableHandle@180035037	false
180016af0	FUN_180016af0	180037a30	__security_check_cookie@180037a30	false
180016af0	FUN_180016af0	180037400	free@180037400	false
180016af0	FUN_180016af0	18001fdb0	FUN_18001fdb0@18001fdb0	false
180016af0	FUN_180016af0	18003503d	get@18003503d	false
180016af0	FUN_180016af0	180035019	length@180035019	false
180016af0	FUN_180016af0	18003500d	~UnsafeStringView@18003500d	false
180016af0	FUN_180016af0	180035091	getHandle@180035091	false
1800170a0	FUN_1800170a0	18000c190	FUN_18000c190@18000c190	false
180017120	FUN_180017120	180002570	FUN_180002570@180002570	false
180017120	FUN_180017120	180038364	memcmp@180038364	false
180017120	FUN_180017120	180037a30	__security_check_cookie@180037a30	false
180017120	FUN_180017120	180037400	free@180037400	false
180017120	FUN_180017120	180002340	FUN_180002340@180002340	false
180017120	FUN_180017120	18000d0e0	FUN_18000d0e0@18000d0e0	false
180017120	FUN_180017120	180020450	FUN_180020450@180020450	false
180017120	FUN_180017120	18000d1d0	FUN_18000d1d0@18000d1d0	false
180017120	FUN_180017120	18000a870	FUN_18000a870@18000a870	false
180017120	FUN_180017120	1800141a0	FUN_1800141a0@1800141a0	false
180017420	FUN_180017420	180002570	FUN_180002570@180002570	false
180017420	FUN_180017420	1800363bf	_Mtx_unlock@1800363bf	false
180017420	FUN_180017420	1800363b9	_Mtx_lock@1800363b9	false
180017420	FUN_180017420	180038364	memcmp@180038364	false
180017420	FUN_180017420	180037a30	__security_check_cookie@180037a30	false
180017420	FUN_180017420	180037400	free@180037400	false
180017420	FUN_180017420	180007940	FUN_180007940@180007940	false
180017420	FUN_180017420	180017af0	FUN_180017af0@180017af0	false
180017420	FUN_180017420	18000d0e0	FUN_18000d0e0@18000d0e0	false
180017420	FUN_180017420	18001e7d0	FUN_18001e7d0@18001e7d0	false
180017420	FUN_180017420	180020450	FUN_180020450@180020450	false
180017420	FUN_180017420	1800363c5	_Throw_Cpp_error@1800363c5	false
1800176b0	FUN_1800176b0	180006110	FUN_180006110@180006110	false
1800176b0	FUN_1800176b0	18001b8a0	FUN_18001b8a0@18001b8a0	false
1800176b0	FUN_1800176b0	18001d580	FUN_18001d580@18001d580	false
180017af0	FUN_180017af0	18003836a	memcpy@18003836a	false
180017af0	FUN_180017af0	18000c190	FUN_18000c190@18000c190	false
180017af0	FUN_180017af0	18000cdd0	FUN_18000cdd0@18000cdd0	false
180017af0	FUN_180017af0	1800373b0	FUN_1800373b0@1800373b0	false
180017af0	FUN_180017af0	180001ea0	FUN_180001ea0@180001ea0	false
180017af0	FUN_180017af0	180002910	FUN_180002910@180002910	false
180017af0	FUN_180017af0	180002440	FUN_180002440@180002440	false
180017af0	FUN_180017af0	18000e820	FUN_18000e820@18000e820	false
180017af0	FUN_180017af0	18000d190	FUN_18000d190@18000d190	false
180017af0	FUN_180017af0	180006460	FUN_180006460@180006460	false
180017af0	FUN_180017af0	180038370	memmove@180038370	false
180017af0	FUN_180017af0	180037a30	__security_check_cookie@180037a30	false
180017af0	FUN_180017af0	180037400	free@180037400	false
180017af0	FUN_180017af0	180006ae0	FUN_180006ae0@180006ae0	false
180018220	FUN_180018220	1800363b9	_Mtx_lock@1800363b9	false
180018220	FUN_180018220	1800363c5	_Throw_Cpp_error@1800363c5	false
180018260	FUN_180018260	1800363bf	_Mtx_unlock@1800363bf	false
180018260	FUN_180018260	1800363b9	_Mtx_lock@1800363b9	false
180018260	FUN_180018260	180037400	free@180037400	false
180018260	FUN_180018260	18000d070	FUN_18000d070@18000d070	false
180018260	FUN_180018260	180007c00	FUN_180007c00@180007c00	false
180018260	FUN_180018260	1800363c5	_Throw_Cpp_error@1800363c5	false
180018260	FUN_180018260	180002aa0	FUN_180002aa0@180002aa0	false
1800183e0	FUN_1800183e0	18003501f	CipherConfig@18003501f	false
1800183e0	FUN_1800183e0	180037a30	__security_check_cookie@180037a30	false
1800183e0	FUN_1800183e0	18000bc30	FUN_18000bc30@18000bc30	false
1800183e0	FUN_1800183e0	1800373b0	FUN_1800373b0@1800373b0	false
1800183e0	FUN_1800183e0	180035001	UnsafeStringView@180035001	false
1800183e0	FUN_1800183e0	18003508b	setReadOnly@18003508b	false
1800183e0	FUN_1800183e0	180035097	setConfig@180035097	false
1800183e0	FUN_1800183e0	18003500d	~UnsafeStringView@18003500d	false
1800183e0	FUN_1800183e0	180034fe9	~UnsafeData@180034fe9	false
1800183e0	FUN_1800183e0	180034fef	immutable@180034fef	false
1800183e0	FUN_1800183e0	18003507f	InnerDatabase@18003507f	false
1800183e0	FUN_1800183e0	18000bbc0	FUN_18000bbc0@18000bbc0	false
180018660	FUN_180018660	18000d190	FUN_18000d190@18000d190	false
180018660	FUN_180018660	18003836a	memcpy@18003836a	false
180018660	FUN_180018660	180037a30	__security_check_cookie@180037a30	false
180018660	FUN_180018660	180037400	free@180037400	false
180018660	FUN_180018660	18000cdd0	FUN_18000cdd0@18000cdd0	false
180018660	FUN_180018660	1800373b0	FUN_1800373b0@1800373b0	false
180018660	FUN_180018660	18001ba80	FUN_18001ba80@18001ba80	false
180018660	FUN_180018660	18001b8a0	FUN_18001b8a0@18001b8a0	false
180018660	FUN_180018660	18001d580	FUN_18001d580@18001d580	false
180018ff0	FUN_180018ff0	1800364b7	_Syserror_map@1800364b7	false
180018ff0	FUN_180018ff0	180002340	FUN_180002340@180002340	false
180018ff0	FUN_180018ff0	1800383a0	strlen@1800383a0	false
180019050	FUN_180019050	180002340	FUN_180002340@180002340	false
180019050	FUN_180019050	1800363d0	FUN_1800363d0@1800363d0	false
180019050	FUN_180019050	1800364b0	LocalFree@1800364b0	false
180019110	FUN_180019110	180038376	memset@180038376	false
180019110	FUN_180019110	18000d190	FUN_18000d190@18000d190	false
180019110	FUN_180019110	18003836a	memcpy@18003836a	false
180019110	FUN_180019110	180037400	free@180037400	false
180019110	FUN_180019110	18000cdd0	FUN_18000cdd0@18000cdd0	false
180019110	FUN_180019110	1800373b0	FUN_1800373b0@1800373b0	false
180019110	FUN_180019110	180002340	FUN_180002340@180002340	false
180019110	FUN_180019110	EXTERNAL:00000026	GetModuleFileNameA@EXTERNAL:00000026	true
1800193e0	FUN_1800193e0	1800363ad	_Query_perf_counter@1800363ad	false
1800193e0	FUN_1800193e0	1800363b3	_Query_perf_frequency@1800363b3	false
180019490	FUN_180019490	EXTERNAL:00000075	getloc@EXTERNAL:00000075	true
180019490	FUN_180019490	180007ae0	FUN_180007ae0@180007ae0	false
180019490	FUN_180019490	EXTERNAL:00000088	_Init@EXTERNAL:00000088	true
180019490	FUN_180019490	EXTERNAL:00000069	always_noconv@EXTERNAL:00000069	true
180019490	FUN_180019490	18003728c	_Fiopen@18003728c	false
180019490	FUN_180019490	EXTERNAL:000000c5	_get_stream_buffer_pointers@EXTERNAL:000000c5	true
180019490	FUN_180019490	EXTERNAL:00000089	_Init@EXTERNAL:00000089	true
1800195d0	FUN_1800195d0	180011150	FUN_180011150@180011150	false
1800195d0	FUN_1800195d0	180007d60	FUN_180007d60@180007d60	false
1800195d0	FUN_1800195d0	180002340	FUN_180002340@180002340	false
1800195d0	FUN_1800195d0	1800373b0	FUN_1800373b0@1800373b0	false
1800195d0	FUN_1800195d0	180001c10	FUN_180001c10@180001c10	false
1800195d0	FUN_1800195d0	18000f100	FUN_18000f100@18000f100	false
1800195d0	FUN_1800195d0	1800363bf	_Mtx_unlock@1800363bf	false
1800195d0	FUN_1800195d0	180015c10	FUN_180015c10@180015c10	false
1800195d0	FUN_1800195d0	1800010c0	FUN_1800010c0@1800010c0	false
1800195d0	FUN_1800195d0	180037400	free@180037400	false
1800195d0	FUN_1800195d0	1800383a0	strlen@1800383a0	false
1800195d0	FUN_1800195d0	180007420	FUN_180007420@180007420	false
1800195d0	FUN_1800195d0	180020500	FUN_180020500@180020500	false
1800195d0	FUN_1800195d0	18000ce90	FUN_18000ce90@18000ce90	false
1800195d0	FUN_1800195d0	18000c510	FUN_18000c510@18000c510	false
1800195d0	FUN_1800195d0	1800073c0	FUN_1800073c0@1800073c0	false
1800195d0	FUN_1800195d0	180006110	FUN_180006110@180006110	false
1800195d0	FUN_1800195d0	18000d070	FUN_18000d070@18000d070	false
1800195d0	FUN_1800195d0	180018260	FUN_180018260@180018260	false
1800195d0	FUN_1800195d0	1800363b9	_Mtx_lock@1800363b9	false
1800195d0	FUN_1800195d0	180038370	memmove@180038370	false
1800195d0	FUN_1800195d0	1800193e0	FUN_1800193e0@1800193e0	false
1800195d0	FUN_1800195d0	180037a30	__security_check_cookie@180037a30	false
1800195d0	FUN_1800195d0	180020570	FUN_180020570@180020570	false
1800195d0	FUN_1800195d0	180009950	FUN_180009950@180009950	false
1800195d0	FUN_1800195d0	1800363c5	_Throw_Cpp_error@1800363c5	false
1800195d0	FUN_1800195d0	1800017f0	FUN_1800017f0@1800017f0	false
18001aa70	FUN_18001aa70	18000d190	FUN_18000d190@18000d190	false
18001aa70	FUN_18001aa70	18003836a	memcpy@18003836a	false
18001aa70	FUN_18001aa70	180020b10	FUN_180020b10@180020b10	false
18001aa70	FUN_18001aa70	180037400	free@180037400	false
18001aa70	FUN_18001aa70	18000cdd0	FUN_18000cdd0@18000cdd0	false
18001aa70	FUN_18001aa70	18001bbe0	FUN_18001bbe0@18001bbe0	false
18001aa70	FUN_18001aa70	1800373b0	FUN_1800373b0@1800373b0	false
18001aa70	FUN_18001aa70	1800183e0	FUN_1800183e0@1800183e0	false
18001ae20	FUN_18001ae20	EXTERNAL:00000078	eback@EXTERNAL:00000078	true
18001ae20	FUN_18001ae20	EXTERNAL:000000c1	fwrite@EXTERNAL:000000c1	true
18001ae20	FUN_18001ae20	EXTERNAL:0000007f	epptr@EXTERNAL:0000007f	true
18001ae20	FUN_18001ae20	180037a30	__security_check_cookie@180037a30	false
18001ae20	FUN_18001ae20	EXTERNAL:000000bd	fputc@EXTERNAL:000000bd	true
18001ae20	FUN_18001ae20	EXTERNAL:00000086	_Pninc@EXTERNAL:00000086	true
18001ae20	FUN_18001ae20	EXTERNAL:0000007e	setg@EXTERNAL:0000007e	true
18001ae20	FUN_18001ae20	EXTERNAL:0000007b	pptr@EXTERNAL:0000007b	true
18001ae20	FUN_18001ae20	EXTERNAL:0000006b	out@EXTERNAL:0000006b	true
18001afe0	FUN_18001afe0	EXTERNAL:00000078	eback@EXTERNAL:00000078	true
18001afe0	FUN_18001afe0	18003836a	memcpy@18003836a	false
18001afe0	FUN_18001afe0	EXTERNAL:0000007f	epptr@EXTERNAL:0000007f	true
18001afe0	FUN_18001afe0	18000ed50	FUN_18000ed50@18000ed50	false
18001afe0	FUN_18001afe0	18000cdd0	FUN_18000cdd0@18000cdd0	false
18001afe0	FUN_18001afe0	1800373b0	FUN_1800373b0@1800373b0	false
18001afe0	FUN_18001afe0	EXTERNAL:00000086	_Pninc@EXTERNAL:00000086	true
18001afe0	FUN_18001afe0	EXTERNAL:0000007e	setg@EXTERNAL:0000007e	true
18001afe0	FUN_18001afe0	EXTERNAL:00000079	gptr@EXTERNAL:00000079	true
18001afe0	FUN_18001afe0	EXTERNAL:0000007b	pptr@EXTERNAL:0000007b	true
18001afe0	FUN_18001afe0	EXTERNAL:00000085	setp@EXTERNAL:00000085	true
18001b190	FUN_18001b190	18000c190	FUN_18000c190@18000c190	false
18001b190	FUN_18001b190	180002440	FUN_180002440@180002440	false
18001b280	FUN_18001b280	EXTERNAL:000000d4	isspace@EXTERNAL:000000d4	true
18001b280	FUN_18001b280	180037a30	__security_check_cookie@180037a30	false
18001b280	FUN_18001b280	180037400	free@180037400	false
18001b280	FUN_18001b280	180006970	FUN_180006970@180006970	false
18001b280	FUN_18001b280	180007c00	FUN_180007c00@180007c00	false
18001b280	FUN_18001b280	180002aa0	FUN_180002aa0@180002aa0	false
18001b5f0	FUN_18001b5f0	180002570	FUN_180002570@180002570	false
18001b640	FUN_18001b640	EXTERNAL:00000078	eback@EXTERNAL:00000078	true
18001b640	FUN_18001b640	EXTERNAL:0000007c	egptr@EXTERNAL:0000007c	true
18001b640	FUN_18001b640	EXTERNAL:000000c4	ungetc@EXTERNAL:000000c4	true
18001b640	FUN_18001b640	EXTERNAL:0000007e	setg@EXTERNAL:0000007e	true
18001b640	FUN_18001b640	EXTERNAL:00000079	gptr@EXTERNAL:00000079	true
18001b640	FUN_18001b640	EXTERNAL:00000080	_Gndec@EXTERNAL:00000080	true
18001b760	FUN_18001b760	EXTERNAL:00000078	eback@EXTERNAL:00000078	true
18001b760	FUN_18001b760	EXTERNAL:00000079	gptr@EXTERNAL:00000079	true
18001b760	FUN_18001b760	EXTERNAL:0000007d	gbump@EXTERNAL:0000007d	true
18001b7f0	FUN_18001b7f0	EXTERNAL:0000003f	RegCreateKeyExA@EXTERNAL:0000003f	true
18001b7f0	FUN_18001b7f0	EXTERNAL:0000003c	RegSetValueExA@EXTERNAL:0000003c	true
18001b7f0	FUN_18001b7f0	180013f50	FUN_180013f50@180013f50	false
18001b7f0	FUN_18001b7f0	EXTERNAL:00000040	RegCloseKey@EXTERNAL:00000040	true
18001b8a0	FUN_18001b8a0	18003836a	memcpy@18003836a	false
18001b8a0	FUN_18001b8a0	180037400	free@180037400	false
18001b8a0	FUN_18001b8a0	18000cdd0	FUN_18000cdd0@18000cdd0	false
18001b8a0	FUN_18001b8a0	1800373b0	FUN_1800373b0@1800373b0	false
18001b8a0	FUN_18001b8a0	18000d170	FUN_18000d170@18000d170	false
18001ba40	FUN_18001ba40	180006ae0	FUN_180006ae0@180006ae0	false
18001ba80	FUN_18001ba80	18000d190	FUN_18000d190@18000d190	false
18001ba80	FUN_18001ba80	18003836a	memcpy@18003836a	false
18001ba80	FUN_18001ba80	18000cdd0	FUN_18000cdd0@18000cdd0	false
18001ba80	FUN_18001ba80	1800373b0	FUN_1800373b0@1800373b0	false
18001ba80	FUN_18001ba80	18000b620	FUN_18000b620@18000b620	false
18001bbe0	FUN_18001bbe0	18000d190	FUN_18000d190@18000d190	false
18001bbe0	FUN_18001bbe0	18003836a	memcpy@18003836a	false
18001bbe0	FUN_18001bbe0	18000b690	FUN_18000b690@18000b690	false
18001bbe0	FUN_18001bbe0	18000cdd0	FUN_18000cdd0@18000cdd0	false
18001bbe0	FUN_18001bbe0	1800373b0	FUN_1800373b0@1800373b0	false
18001bd50	FUN_18001bd50	180003620	FUN_180003620@180003620	false
18001bdd0	FUN_18001bdd0	1800363bf	_Mtx_unlock@1800363bf	false
18001bdd0	FUN_18001bdd0	1800363b9	_Mtx_lock@1800363b9	false
18001bdd0	FUN_18001bdd0	18000c510	FUN_18000c510@18000c510	false
18001bdd0	FUN_18001bdd0	18000cf20	FUN_18000cf20@18000cf20	false
18001bdd0	FUN_18001bdd0	1800083b0	FUN_1800083b0@1800083b0	false
18001bdd0	FUN_18001bdd0	180004270	FUN_180004270@180004270	false
18001bdd0	FUN_18001bdd0	180037400	free@180037400	false
18001bdd0	FUN_18001bdd0	1800373b0	FUN_1800373b0@1800373b0	false
18001bdd0	FUN_18001bdd0	18000aa10	FUN_18000aa10@18000aa10	false
18001bdd0	FUN_18001bdd0	180007c00	FUN_180007c00@180007c00	false
18001bdd0	FUN_18001bdd0	1800363c5	_Throw_Cpp_error@1800363c5	false
18001bdd0	FUN_18001bdd0	18000ce90	FUN_18000ce90@18000ce90	false
18001c0f0	FUN_18001c0f0	EXTERNAL:00000073	basic_streambuf<char,std::char_traits<char>_>@EXTERNAL:00000073	true
18001c0f0	FUN_18001c0f0	EXTERNAL:0000007c	egptr@EXTERNAL:0000007c	true
18001c0f0	FUN_18001c0f0	18003836a	memcpy@18003836a	false
18001c0f0	FUN_18001c0f0	180001d30	FUN_180001d30@180001d30	false
18001c0f0	FUN_18001c0f0	180038364	memcmp@180038364	false
18001c0f0	FUN_18001c0f0	1800062a0	FUN_1800062a0@1800062a0	false
18001c0f0	FUN_18001c0f0	EXTERNAL:0000007a	pbase@EXTERNAL:0000007a	true
18001c0f0	FUN_18001c0f0	18000cdd0	FUN_18000cdd0@18000cdd0	false
18001c0f0	FUN_18001c0f0	180002340	FUN_180002340@180002340	false
18001c0f0	FUN_18001c0f0	1800373b0	FUN_1800373b0@1800373b0	false
18001c0f0	FUN_18001c0f0	180003440	FUN_180003440@180003440	false
18001c0f0	FUN_18001c0f0	1800046a0	FUN_1800046a0@1800046a0	false
18001c0f0	FUN_18001c0f0	18003506d	getColumnName@18003506d	false
18001c0f0	FUN_18001c0f0	180035049	step@180035049	false
18001c0f0	FUN_18001c0f0	18003504f	done@18003504f	false
18001c0f0	FUN_18001c0f0	EXTERNAL:00000078	eback@EXTERNAL:00000078	true
18001c0f0	FUN_18001c0f0	EXTERNAL:00000092	basic_ostream<char,std::char_traits<char>_>@EXTERNAL:00000092	true
18001c0f0	FUN_18001c0f0	180035037	~RecyclableHandle@180035037	false
18001c0f0	FUN_18001c0f0	180037400	free@180037400	false
18001c0f0	FUN_18001c0f0	18000d170	FUN_18000d170@18000d170	false
18001c0f0	FUN_18001c0f0	18003503d	get@18003503d	false
18001c0f0	FUN_18001c0f0	EXTERNAL:0000008c	~basic_ios<char,std::char_traits<char>_>@EXTERNAL:0000008c	true
18001c0f0	FUN_18001c0f0	EXTERNAL:00000091	basic_ios<char,std::char_traits<char>_>@EXTERNAL:00000091	true
18001c0f0	FUN_18001c0f0	180035007	UnsafeStringView@180035007	false
18001c0f0	FUN_18001c0f0	18000d070	FUN_18000d070@18000d070	false
18001c0f0	FUN_18001c0f0	EXTERNAL:000000d0	tolower@EXTERNAL:000000d0	true
18001c0f0	FUN_18001c0f0	180035079	getNumberOfColumns@180035079	false
18001c0f0	FUN_18001c0f0	180035013	data@180035013	false
18001c0f0	FUN_18001c0f0	180018260	FUN_180018260@180018260	false
18001c0f0	FUN_18001c0f0	180035043	prepare@180035043	false
18001c0f0	FUN_18001c0f0	EXTERNAL:00000093	~basic_ostream<char,std::char_traits<char>_>@EXTERNAL:00000093	true
18001c0f0	FUN_18001c0f0	1800011f0	FUN_1800011f0@1800011f0	false
18001c0f0	FUN_18001c0f0	180001420	FUN_180001420@180001420	false
18001c0f0	FUN_18001c0f0	EXTERNAL:0000007f	epptr@EXTERNAL:0000007f	true
18001c0f0	FUN_18001c0f0	180009380	FUN_180009380@180009380	false
18001c0f0	FUN_18001c0f0	180038370	memmove@180038370	false
18001c0f0	FUN_18001c0f0	180037a30	__security_check_cookie@180037a30	false
18001c0f0	FUN_18001c0f0	1800176b0	FUN_1800176b0@1800176b0	false
18001c0f0	FUN_18001c0f0	18000e260	FUN_18000e260@18000e260	false
18001c0f0	FUN_18001c0f0	EXTERNAL:00000079	gptr@EXTERNAL:00000079	true
18001c0f0	FUN_18001c0f0	180035019	length@180035019	false
18001c0f0	FUN_18001c0f0	EXTERNAL:0000007b	pptr@EXTERNAL:0000007b	true
18001c0f0	FUN_18001c0f0	18003500d	~UnsafeStringView@18003500d	false
18001c0f0	FUN_18001c0f0	1800017f0	FUN_1800017f0@1800017f0	false
18001c0f0	FUN_18001c0f0	180035055	getInteger@180035055	false
18001c0f0	FUN_18001c0f0	180035091	getHandle@180035091	false
18001cc70	FUN_18001cc70	EXTERNAL:00000073	basic_streambuf<char,std::char_traits<char>_>@EXTERNAL:00000073	true
18001cc70	FUN_18001cc70	18003836a	memcpy@18003836a	false
18001cc70	FUN_18001cc70	1800062a0	FUN_1800062a0@1800062a0	false
18001cc70	FUN_18001cc70	1800373b0	FUN_1800373b0@1800373b0	false
18001cc70	FUN_18001cc70	180002340	FUN_180002340@180002340	false
18001cc70	FUN_18001cc70	1800046a0	FUN_1800046a0@1800046a0	false
18001cc70	FUN_18001cc70	18003506d	getColumnName@18003506d	false
18001cc70	FUN_18001cc70	180035049	step@180035049	false
18001cc70	FUN_18001cc70	18003504f	done@18003504f	false
18001cc70	FUN_18001cc70	180020170	FUN_180020170@180020170	false
18001cc70	FUN_18001cc70	EXTERNAL:00000092	basic_ostream<char,std::char_traits<char>_>@EXTERNAL:00000092	true
18001cc70	FUN_18001cc70	180035037	~RecyclableHandle@180035037	false
18001cc70	FUN_18001cc70	180037400	free@180037400	false
18001cc70	FUN_18001cc70	18003503d	get@18003503d	false
18001cc70	FUN_18001cc70	EXTERNAL:0000008c	~basic_ios<char,std::char_traits<char>_>@EXTERNAL:0000008c	true
18001cc70	FUN_18001cc70	EXTERNAL:00000091	basic_ios<char,std::char_traits<char>_>@EXTERNAL:00000091	true
18001cc70	FUN_18001cc70	180035007	UnsafeStringView@180035007	false
18001cc70	FUN_18001cc70	180035079	getNumberOfColumns@180035079	false
18001cc70	FUN_18001cc70	180035013	data@180035013	false
18001cc70	FUN_18001cc70	EXTERNAL:000000cc	malloc@EXTERNAL:000000cc	true
18001cc70	FUN_18001cc70	180018260	FUN_180018260@180018260	false
18001cc70	FUN_18001cc70	180035043	prepare@180035043	false
18001cc70	FUN_18001cc70	EXTERNAL:00000093	~basic_ostream<char,std::char_traits<char>_>@EXTERNAL:00000093	true
18001cc70	FUN_18001cc70	1800011f0	FUN_1800011f0@1800011f0	false
18001cc70	FUN_18001cc70	180001420	FUN_180001420@180001420	false
18001cc70	FUN_18001cc70	180038370	memmove@180038370	false
18001cc70	FUN_18001cc70	180009380	FUN_180009380@180009380	false
18001cc70	FUN_18001cc70	180037a30	__security_check_cookie@180037a30	false
18001cc70	FUN_18001cc70	1800176b0	FUN_1800176b0@1800176b0	false
18001cc70	FUN_18001cc70	18000e260	FUN_18000e260@18000e260	false
18001cc70	FUN_18001cc70	180035019	length@180035019	false
18001cc70	FUN_18001cc70	18003500d	~UnsafeStringView@18003500d	false
18001cc70	FUN_18001cc70	1800017f0	FUN_1800017f0@1800017f0	false
18001cc70	FUN_18001cc70	180035091	getHandle@180035091	false
18001d3f0	FUN_18001d3f0	180035073	getColumnType@180035073	false
18001d3f0	FUN_18001d3f0	EXTERNAL:000000ce	strtoll@EXTERNAL:000000ce	true
18001d3f0	FUN_18001d3f0	18003505b	getDouble@18003505b	false
18001d3f0	FUN_18001d3f0	180037a30	__security_check_cookie@180037a30	false
18001d3f0	FUN_18001d3f0	180037400	free@180037400	false
18001d3f0	FUN_18001d3f0	180002340	FUN_180002340@180002340	false
18001d3f0	FUN_18001d3f0	180035061	getText@180035061	false
18001d3f0	FUN_18001d3f0	180035013	data@180035013	false
18001d3f0	FUN_18001d3f0	180035019	length@180035019	false
18001d3f0	FUN_18001d3f0	18003500d	~UnsafeStringView@18003500d	false
18001d3f0	FUN_18001d3f0	180035055	getInteger@180035055	false
18001d580	FUN_18001d580	18003836a	memcpy@18003836a	false
18001d580	FUN_18001d580	180037400	free@180037400	false
18001d580	FUN_18001d580	18000cdd0	FUN_18000cdd0@18000cdd0	false
18001d580	FUN_18001d580	1800373b0	FUN_1800373b0@1800373b0	false
18001d580	FUN_18001d580	18000d170	FUN_18000d170@18000d170	false
18001d760	FUN_18001d760	18003836a	memcpy@18003836a	false
18001d760	FUN_18001d760	180037400	free@180037400	false
18001d760	FUN_18001d760	18000cdd0	FUN_18000cdd0@18000cdd0	false
18001d760	FUN_18001d760	1800373b0	FUN_1800373b0@1800373b0	false
18001d760	FUN_18001d760	18000d170	FUN_18000d170@18000d170	false
18001d970	FUN_18001d970	180038376	memset@180038376	false
18001d970	FUN_18001d970	1800067e0	FUN_1800067e0@1800067e0	false
18001da10	FUN_18001da10	180006620	FUN_180006620@180006620	false
18001daa0	FUN_18001daa0	18000c190	FUN_18000c190@18000c190	false
18001daa0	FUN_18001daa0	180038364	memcmp@180038364	false
18001daa0	FUN_18001daa0	18000cfe0	FUN_18000cfe0@18000cfe0	false
18001daa0	FUN_18001daa0	1800077a0	FUN_1800077a0@1800077a0	false
18001daa0	FUN_18001daa0	18000a0f0	FUN_18000a0f0@18000a0f0	false
18001daa0	FUN_18001daa0	180002340	FUN_180002340@180002340	false
18001daa0	FUN_18001daa0	18000d070	FUN_18000d070@18000d070	false
18001daa0	FUN_18001daa0	EXTERNAL:000000d0	tolower@EXTERNAL:000000d0	true
18001daa0	FUN_18001daa0	1800098c0	FUN_1800098c0@1800098c0	false
18001daa0	FUN_18001daa0	180007f50	FUN_180007f50@180007f50	false
18001daa0	FUN_18001daa0	18000d0e0	FUN_18000d0e0@18000d0e0	false
18001daa0	FUN_18001daa0	18001f090	FUN_18001f090@18001f090	false
18001daa0	FUN_18001daa0	18000c3e0	FUN_18000c3e0@18000c3e0	false
18001daa0	FUN_18001daa0	180037a30	__security_check_cookie@180037a30	false
18001daa0	FUN_18001daa0	180037400	free@180037400	false
18001daa0	FUN_18001daa0	180007940	FUN_180007940@180007940	false
18001daa0	FUN_18001daa0	18000d170	FUN_18000d170@18000d170	false
18001daa0	FUN_18001daa0	180008490	FUN_180008490@180008490	false
18001daa0	FUN_18001daa0	1800383a0	strlen@1800383a0	false
18001daa0	FUN_18001daa0	180014260	FUN_180014260@180014260	false
18001daa0	FUN_18001daa0	1800372d0	FUN_1800372d0@1800372d0	false
18001daa0	FUN_18001daa0	180007c00	FUN_180007c00@180007c00	false
18001daa0	FUN_18001daa0	180036b80	FUN_180036b80@180036b80	false
18001daa0	FUN_18001daa0	18000d1d0	FUN_18000d1d0@18000d1d0	false
18001e720	FUN_18001e720	180037a30	__security_check_cookie@180037a30	false
18001e720	FUN_18001e720	180037400	free@180037400	false
18001e720	FUN_18001e720	180002340	FUN_180002340@180002340	false
18001e720	FUN_18001e720	1800383a0	strlen@1800383a0	false
18001e720	FUN_18001e720	180018260	FUN_180018260@180018260	false
18001e7d0	FUN_18001e7d0	180002570	FUN_180002570@180002570	false
18001e7d0	FUN_18001e7d0	180038364	memcmp@180038364	false
18001e7d0	FUN_18001e7d0	180037a30	__security_check_cookie@180037a30	false
18001e7d0	FUN_18001e7d0	180037400	free@180037400	false
18001e7d0	FUN_18001e7d0	180017af0	FUN_180017af0@180017af0	false
18001e7d0	FUN_18001e7d0	18000d0e0	FUN_18000d0e0@18000d0e0	false
18001e7d0	FUN_18001e7d0	180020450	FUN_180020450@180020450	false
18001e7d0	FUN_18001e7d0	180036930	FUN_180036930@180036930	false
18001e9f0	FUN_18001e9f0	18003836a	memcpy@18003836a	false
18001e9f0	FUN_18001e9f0	180038370	memmove@180038370	false
18001e9f0	FUN_18001e9f0	180037a30	__security_check_cookie@180037a30	false
18001e9f0	FUN_18001e9f0	180006110	FUN_180006110@180006110	false
18001e9f0	FUN_18001e9f0	180037400	free@180037400	false
18001e9f0	FUN_18001e9f0	18000cdd0	FUN_18000cdd0@18000cdd0	false
18001e9f0	FUN_18001e9f0	1800373b0	FUN_1800373b0@1800373b0	false
18001e9f0	FUN_18001e9f0	18000d170	FUN_18000d170@18000d170	false
18001e9f0	FUN_18001e9f0	18001d580	FUN_18001d580@18001d580	false
18001f090	FUN_18001f090	180037a30	__security_check_cookie@180037a30	false
18001f090	FUN_18001f090	180007940	FUN_180007940@180007940	false
18001f090	FUN_18001f090	18000d0e0	FUN_18000d0e0@18000d0e0	false
18001f090	FUN_18001f090	180003d40	FUN_180003d40@180003d40	false
18001f090	FUN_18001f090	18001b190	FUN_18001b190@18001b190	false
18001f250	FUN_18001f250	18001b7f0	FUN_18001b7f0@18001b7f0	false
18001f250	FUN_18001f250	18000a0f0	FUN_18000a0f0@18000a0f0	false
18001f250	FUN_18001f250	1800373b0	FUN_1800373b0@1800373b0	false
18001f250	FUN_18001f250	18000d070	FUN_18000d070@18000d070	false
18001f250	FUN_18001f250	180013c90	FUN_180013c90@180013c90	false
18001f250	FUN_18001f250	18000d0e0	FUN_18000d0e0@18000d0e0	false
18001f250	FUN_18001f250	18002af60	FUN_18002af60@18002af60	false
18001f250	FUN_18001f250	180018260	FUN_180018260@180018260	false
18001f250	FUN_18001f250	18000c3e0	FUN_18000c3e0@18000c3e0	false
18001f250	FUN_18001f250	18000d2d0	FUN_18000d2d0@18000d2d0	false
18001f250	FUN_18001f250	1800363bf	_Mtx_unlock@1800363bf	false
18001f250	FUN_18001f250	18000b9f0	FUN_18000b9f0@18000b9f0	false
18001f250	FUN_18001f250	1800363b9	_Mtx_lock@1800363b9	false
18001f250	FUN_18001f250	180011190	FUN_180011190@180011190	false
18001f250	FUN_18001f250	1800193e0	FUN_1800193e0@1800193e0	false
18001f250	FUN_18001f250	180037a30	__security_check_cookie@180037a30	false
18001f250	FUN_18001f250	180037400	free@180037400	false
18001f250	FUN_18001f250	180036640	FUN_180036640@180036640	false
18001f250	FUN_18001f250	EXTERNAL:000000d6	_time64@EXTERNAL:000000d6	true
18001f250	FUN_18001f250	180019110	FUN_180019110@180019110	false
18001f250	FUN_18001f250	1800363c5	_Throw_Cpp_error@1800363c5	false
18001f250	FUN_18001f250	18001b190	FUN_18001b190@18001b190	false
18001f670	FUN_18001f670	EXTERNAL:000000c0	_fseeki64@EXTERNAL:000000c0	true
18001f670	FUN_18001f670	18000ccd0	FUN_18000ccd0@18000ccd0	false
18001f670	FUN_18001f670	18000bc50	FUN_18000bc50@18000bc50	false
18001f670	FUN_18001f670	EXTERNAL:00000079	gptr@EXTERNAL:00000079	true
18001f670	FUN_18001f670	EXTERNAL:000000bc	fgetpos@EXTERNAL:000000bc	true
18001f740	FUN_18001f740	EXTERNAL:00000078	eback@EXTERNAL:00000078	true
18001f740	FUN_18001f740	EXTERNAL:0000007f	epptr@EXTERNAL:0000007f	true
18001f740	FUN_18001f740	EXTERNAL:0000007e	setg@EXTERNAL:0000007e	true
18001f740	FUN_18001f740	EXTERNAL:00000079	gptr@EXTERNAL:00000079	true
18001f740	FUN_18001f740	EXTERNAL:0000007b	pptr@EXTERNAL:0000007b	true
18001f740	FUN_18001f740	EXTERNAL:00000085	setp@EXTERNAL:00000085	true
18001f8f0	FUN_18001f8f0	18000ccd0	FUN_18000ccd0@18000ccd0	false
18001f8f0	FUN_18001f8f0	18000bc50	FUN_18000bc50@18000bc50	false
18001f8f0	FUN_18001f8f0	EXTERNAL:000000bf	fsetpos@EXTERNAL:000000bf	true
18001f9a0	FUN_18001f9a0	EXTERNAL:00000078	eback@EXTERNAL:00000078	true
18001f9a0	FUN_18001f9a0	EXTERNAL:0000007f	epptr@EXTERNAL:0000007f	true
18001f9a0	FUN_18001f9a0	EXTERNAL:0000007e	setg@EXTERNAL:0000007e	true
18001f9a0	FUN_18001f9a0	EXTERNAL:00000079	gptr@EXTERNAL:00000079	true
18001f9a0	FUN_18001f9a0	EXTERNAL:0000007b	pptr@EXTERNAL:0000007b	true
18001f9a0	FUN_18001f9a0	EXTERNAL:00000085	setp@EXTERNAL:00000085	true
18001faf0	FUN_18001faf0	EXTERNAL:00000088	_Init@EXTERNAL:00000088	true
18001faf0	FUN_18001faf0	EXTERNAL:000000c3	setvbuf@EXTERNAL:000000c3	true
18001faf0	FUN_18001faf0	EXTERNAL:000000c5	_get_stream_buffer_pointers@EXTERNAL:000000c5	true
18001faf0	FUN_18001faf0	EXTERNAL:00000089	_Init@EXTERNAL:00000089	true
18001fbd0	FUN_18001fbd0	180037a30	__security_check_cookie@180037a30	false
18001fbd0	FUN_18001fbd0	180037400	free@180037400	false
18001fbd0	FUN_18001fbd0	180001c10	FUN_180001c10@180001c10	false
18001fbd0	FUN_18001fbd0	18001d580	FUN_18001d580@18001d580	false
18001fdb0	FUN_18001fdb0	18003836a	memcpy@18003836a	false
18001fdb0	FUN_18001fdb0	180006110	FUN_180006110@180006110	false
18001fdb0	FUN_18001fdb0	180037400	free@180037400	false
18001fdb0	FUN_18001fdb0	18000cdd0	FUN_18000cdd0@18000cdd0	false
18001fdb0	FUN_18001fdb0	1800373b0	FUN_1800373b0@1800373b0	false
18001fdb0	FUN_18001fdb0	18000d170	FUN_18000d170@18000d170	false
18001fdb0	FUN_18001fdb0	18001d580	FUN_18001d580@18001d580	false
180020170	FUN_180020170	EXTERNAL:00000078	eback@EXTERNAL:00000078	true
180020170	FUN_180020170	EXTERNAL:0000007c	egptr@EXTERNAL:0000007c	true
180020170	FUN_180020170	180001d30	FUN_180001d30@180001d30	false
180020170	FUN_180020170	EXTERNAL:0000007f	epptr@EXTERNAL:0000007f	true
180020170	FUN_180020170	EXTERNAL:0000007a	pbase@EXTERNAL:0000007a	true
180020170	FUN_180020170	EXTERNAL:00000079	gptr@EXTERNAL:00000079	true
180020170	FUN_180020170	EXTERNAL:0000007b	pptr@EXTERNAL:0000007b	true
180020260	FUN_180020260	180002340	FUN_180002340@180002340	false
180020260	FUN_180020260	18000d1d0	FUN_18000d1d0@18000d1d0	false
1800202c0	FUN_1800202c0	EXTERNAL:000000ba	fflush@EXTERNAL:000000ba	true
180020310	FUN_180020310	180037a30	__security_check_cookie@180037a30	false
180020310	FUN_180020310	180037400	free@180037400	false
180020310	FUN_180020310	180015270	FUN_180015270@180015270	false
180020310	FUN_180020310	180020450	FUN_180020450@180020450	false
180020310	FUN_180020310	180007c00	FUN_180007c00@180007c00	false
180020450	FUN_180020450	EXTERNAL:000000d0	tolower@EXTERNAL:000000d0	true
180020500	FUN_180020500	1800073c0	FUN_1800073c0@1800073c0	false
180020500	FUN_180020500	1800010c0	FUN_1800010c0@1800010c0	false
180020500	FUN_180020500	180037a30	__security_check_cookie@180037a30	false
180020570	FUN_180020570	1800010c0	FUN_1800010c0@1800010c0	false
180020570	FUN_180020570	180037a30	__security_check_cookie@180037a30	false
180020570	FUN_180020570	180007420	FUN_180007420@180007420	false
1800205e0	FUN_1800205e0	EXTERNAL:0000007c	egptr@EXTERNAL:0000007c	true
1800205e0	FUN_1800205e0	18003836a	memcpy@18003836a	false
1800205e0	FUN_1800205e0	18000cdd0	FUN_18000cdd0@18000cdd0	false
1800205e0	FUN_1800205e0	1800373b0	FUN_1800373b0@1800373b0	false
1800205e0	FUN_1800205e0	EXTERNAL:0000006a	in@EXTERNAL:0000006a	true
1800205e0	FUN_1800205e0	EXTERNAL:00000078	eback@EXTERNAL:00000078	true
1800205e0	FUN_1800205e0	EXTERNAL:000000c4	ungetc@EXTERNAL:000000c4	true
1800205e0	FUN_1800205e0	180038370	memmove@180038370	false
1800205e0	FUN_1800205e0	180037a30	__security_check_cookie@180037a30	false
1800205e0	FUN_1800205e0	180037400	free@180037400	false
1800205e0	FUN_1800205e0	EXTERNAL:0000007e	setg@EXTERNAL:0000007e	true
1800205e0	FUN_1800205e0	18000d170	FUN_18000d170@18000d170	false
1800205e0	FUN_1800205e0	EXTERNAL:00000081	_Gninc@EXTERNAL:00000081	true
1800205e0	FUN_1800205e0	EXTERNAL:00000079	gptr@EXTERNAL:00000079	true
1800205e0	FUN_1800205e0	EXTERNAL:000000bb	fgetc@EXTERNAL:000000bb	true
1800209c0	FUN_1800209c0	EXTERNAL:0000007c	egptr@EXTERNAL:0000007c	true
1800209c0	FUN_1800209c0	EXTERNAL:00000079	gptr@EXTERNAL:00000079	true
180020a40	FUN_180020a40	EXTERNAL:0000007c	egptr@EXTERNAL:0000007c	true
180020a40	FUN_180020a40	EXTERNAL:00000078	eback@EXTERNAL:00000078	true
180020a40	FUN_180020a40	EXTERNAL:0000007e	setg@EXTERNAL:0000007e	true
180020a40	FUN_180020a40	EXTERNAL:00000079	gptr@EXTERNAL:00000079	true
180020a40	FUN_180020a40	EXTERNAL:0000007b	pptr@EXTERNAL:0000007b	true
180020b10	FUN_180020b10	180035037	~RecyclableHandle@180035037	false
180020b10	FUN_180020b10	180037a30	__security_check_cookie@180037a30	false
180020b10	FUN_180020b10	180035001	UnsafeStringView@180035001	false
180020b10	FUN_180020b10	18003503d	get@18003503d	false
180020b10	FUN_180020b10	180035049	step@180035049	false
180020b10	FUN_180020b10	18003500d	~UnsafeStringView@18003500d	false
180020b10	FUN_180020b10	180035085	canOpen@180035085	false
180020b10	FUN_180020b10	180035043	prepare@180035043	false
180020b10	FUN_180020b10	180035091	getHandle@180035091	false
180020c10	FUN_180020c10	18000ccd0	FUN_18000ccd0@18000ccd0	false
180020c10	FUN_180020c10	18003836a	memcpy@18003836a	false
180020c10	FUN_180020c10	EXTERNAL:00000079	gptr@EXTERNAL:00000079	true
180020c10	FUN_180020c10	EXTERNAL:0000007d	gbump@EXTERNAL:0000007d	true
180020c10	FUN_180020c10	EXTERNAL:000000be	fread@EXTERNAL:000000be	true
180020c10	FUN_180020c10	EXTERNAL:00000082	_Gnavail@EXTERNAL:00000082	true
180020d40	FUN_180020d40	EXTERNAL:000000c1	fwrite@EXTERNAL:000000c1	true
180020d40	FUN_180020d40	18003836a	memcpy@18003836a	false
180020d40	FUN_180020d40	EXTERNAL:00000087	_Pnavail@EXTERNAL:00000087	true
180020d40	FUN_180020d40	EXTERNAL:00000083	pbump@EXTERNAL:00000083	true
180020d40	FUN_180020d40	EXTERNAL:0000007b	pptr@EXTERNAL:0000007b	true
180020e40	wcdb_check_license	18001f250	FUN_18001f250@18001f250	false
180020e60	wcdb_close_account	1800363bf	_Mtx_unlock@1800363bf	false
180020e60	wcdb_close_account	1800363b9	_Mtx_lock@1800363b9	false
180020e60	wcdb_close_account	18000cf20	FUN_18000cf20@18000cf20	false
180020e60	wcdb_close_account	180037400	free@180037400	false
180020e60	wcdb_close_account	180009950	FUN_180009950@180009950	false
180020e60	wcdb_close_account	1800363c5	_Throw_Cpp_error@1800363c5	false
180020e60	wcdb_close_account	18000bd40	FUN_18000bd40@18000bd40	false
180021040	wcdb_close_message_cursor	1800363bf	_Mtx_unlock@1800363bf	false
180021040	wcdb_close_message_cursor	1800363b9	_Mtx_lock@1800363b9	false
180021040	wcdb_close_message_cursor	18000cf20	FUN_18000cf20@18000cf20	false
180021040	wcdb_close_message_cursor	1800010c0	FUN_1800010c0@1800010c0	false
180021040	wcdb_close_message_cursor	180037a30	__security_check_cookie@180037a30	false
180021040	wcdb_close_message_cursor	180037400	free@180037400	false
180021040	wcdb_close_message_cursor	180007420	FUN_180007420@180007420	false
180021040	wcdb_close_message_cursor	180018260	FUN_180018260@180018260	false
180021040	wcdb_close_message_cursor	1800363c5	_Throw_Cpp_error@1800363c5	false
180021040	wcdb_close_message_cursor	1800017f0	FUN_1800017f0@1800017f0	false
180021040	wcdb_close_message_cursor	18000bd40	FUN_18000bd40@18000bd40	false
180021270	wcdb_exec_query	180009f40	FUN_180009f40@180009f40	false
180021270	wcdb_exec_query	180038364	memcmp@180038364	false
180021270	wcdb_exec_query	1800373b0	FUN_1800373b0@1800373b0	false
180021270	wcdb_exec_query	180002340	FUN_180002340@180002340	false
180021270	wcdb_exec_query	180001c10	FUN_180001c10@180001c10	false
180021270	wcdb_exec_query	18000d0e0	FUN_18000d0e0@18000d0e0	false
180021270	wcdb_exec_query	180015d00	FUN_180015d00@180015d00	false
180021270	wcdb_exec_query	18001cc70	FUN_18001cc70@18001cc70	false
180021270	wcdb_exec_query	180007d10	FUN_180007d10@180007d10	false
180021270	wcdb_exec_query	1800363bf	_Mtx_unlock@1800363bf	false
180021270	wcdb_exec_query	180015c10	FUN_180015c10@180015c10	false
180021270	wcdb_exec_query	18001daa0	FUN_18001daa0@18001daa0	false
180021270	wcdb_exec_query	180037400	free@180037400	false
180021270	wcdb_exec_query	1800383a0	strlen@1800383a0	false
180021270	wcdb_exec_query	18000ce90	FUN_18000ce90@18000ce90	false
180021270	wcdb_exec_query	18000c510	FUN_18000c510@18000c510	false
180021270	wcdb_exec_query	180009ea0	FUN_180009ea0@180009ea0	false
180021270	wcdb_exec_query	180009e00	FUN_180009e00@180009e00	false
180021270	wcdb_exec_query	18001f250	FUN_18001f250@18001f250	false
180021270	wcdb_exec_query	18000d070	FUN_18000d070@18000d070	false
180021270	wcdb_exec_query	180018260	FUN_180018260@180018260	false
180021270	wcdb_exec_query	180002570	FUN_180002570@180002570	false
180021270	wcdb_exec_query	1800363b9	_Mtx_lock@1800363b9	false
180021270	wcdb_exec_query	180037a30	__security_check_cookie@180037a30	false
180021270	wcdb_exec_query	180007940	FUN_180007940@180007940	false
180021270	wcdb_exec_query	180009950	FUN_180009950@180009950	false
180021270	wcdb_exec_query	180020450	FUN_180020450@180020450	false
180021270	wcdb_exec_query	180007c00	FUN_180007c00@180007c00	false
180021270	wcdb_exec_query	1800363c5	_Throw_Cpp_error@1800363c5	false
180021fa0	wcdb_export_message_chunk	18001f250	FUN_18001f250@18001f250	false
180021fa0	wcdb_export_message_chunk	1800113f0	FUN_1800113f0@1800113f0	false
180022060	wcdb_fetch_message_batch	EXTERNAL:00000073	basic_streambuf<char,std::char_traits<char>_>@EXTERNAL:00000073	true
180022060	wcdb_fetch_message_batch	18003836a	memcpy@18003836a	false
180022060	wcdb_fetch_message_batch	180011150	FUN_180011150@180011150	false
180022060	wcdb_fetch_message_batch	180007d60	FUN_180007d60@180007d60	false
180022060	wcdb_fetch_message_batch	180001c10	FUN_180001c10@180001c10	false
180022060	wcdb_fetch_message_batch	18000d0e0	FUN_18000d0e0@18000d0e0	false
180022060	wcdb_fetch_message_batch	18000ce50	FUN_18000ce50@18000ce50	false
180022060	wcdb_fetch_message_batch	1800363bf	_Mtx_unlock@1800363bf	false
180022060	wcdb_fetch_message_batch	18000cf20	FUN_18000cf20@18000cf20	false
180022060	wcdb_fetch_message_batch	18000ce10	FUN_18000ce10@18000ce10	false
180022060	wcdb_fetch_message_batch	1800067e0	FUN_1800067e0@1800067e0	false
180022060	wcdb_fetch_message_batch	EXTERNAL:0000008c	~basic_ios<char,std::char_traits<char>_>@EXTERNAL:0000008c	true
180022060	wcdb_fetch_message_batch	180007030	FUN_180007030@180007030	false
180022060	wcdb_fetch_message_batch	18001f250	FUN_18001f250@18001f250	false
180022060	wcdb_fetch_message_batch	18000d070	FUN_18000d070@18000d070	false
180022060	wcdb_fetch_message_batch	180018260	FUN_180018260@180018260	false
180022060	wcdb_fetch_message_batch	EXTERNAL:00000093	~basic_ostream<char,std::char_traits<char>_>@EXTERNAL:00000093	true
180022060	wcdb_fetch_message_batch	180002570	FUN_180002570@180002570	false
180022060	wcdb_fetch_message_batch	18000edd0	FUN_18000edd0@18000edd0	false
180022060	wcdb_fetch_message_batch	18001b5f0	FUN_18001b5f0@18001b5f0	false
180022060	wcdb_fetch_message_batch	1800011f0	FUN_1800011f0@1800011f0	false
180022060	wcdb_fetch_message_batch	180009380	FUN_180009380@180009380	false
180022060	wcdb_fetch_message_batch	180009950	FUN_180009950@180009950	false
180022060	wcdb_fetch_message_batch	18000a0a0	FUN_18000a0a0@18000a0a0	false
180022060	wcdb_fetch_message_batch	1800017f0	FUN_1800017f0@1800017f0	false
180022060	wcdb_fetch_message_batch	1800141a0	FUN_1800141a0@1800141a0	false
180022060	wcdb_fetch_message_batch	180038376	memset@180038376	false
180022060	wcdb_fetch_message_batch	180006e50	FUN_180006e50@180006e50	false
180022060	wcdb_fetch_message_batch	1800366c0	FUN_1800366c0@1800366c0	false
180022060	wcdb_fetch_message_batch	18000d3c0	FUN_18000d3c0@18000d3c0	false
180022060	wcdb_fetch_message_batch	1800046a0	FUN_1800046a0@1800046a0	false
180022060	wcdb_fetch_message_batch	180001710	FUN_180001710@180001710	false
180022060	wcdb_fetch_message_batch	1800075b0	FUN_1800075b0@1800075b0	false
180022060	wcdb_fetch_message_batch	180015d00	FUN_180015d00@180015d00	false
180022060	wcdb_fetch_message_batch	180020170	FUN_180020170@180020170	false
180022060	wcdb_fetch_message_batch	180015c10	FUN_180015c10@180015c10	false
180022060	wcdb_fetch_message_batch	EXTERNAL:00000092	basic_ostream<char,std::char_traits<char>_>@EXTERNAL:00000092	true
180022060	wcdb_fetch_message_batch	1800010c0	FUN_1800010c0@1800010c0	false
180022060	wcdb_fetch_message_batch	180037400	free@180037400	false
180022060	wcdb_fetch_message_batch	180007420	FUN_180007420@180007420	false
180022060	wcdb_fetch_message_batch	180020500	FUN_180020500@180020500	false
180022060	wcdb_fetch_message_batch	1800073c0	FUN_1800073c0@1800073c0	false
180022060	wcdb_fetch_message_batch	EXTERNAL:00000091	basic_ios<char,std::char_traits<char>_>@EXTERNAL:00000091	true
180022060	wcdb_fetch_message_batch	180006110	FUN_180006110@180006110	false
180022060	wcdb_fetch_message_batch	180018220	FUN_180018220@180018220	false
180022060	wcdb_fetch_message_batch	EXTERNAL:000000cc	malloc@EXTERNAL:000000cc	true
180022060	wcdb_fetch_message_batch	1800363b9	_Mtx_lock@1800363b9	false
180022060	wcdb_fetch_message_batch	180038370	memmove@180038370	false
180022060	wcdb_fetch_message_batch	1800193e0	FUN_1800193e0@1800193e0	false
180022060	wcdb_fetch_message_batch	180037a30	__security_check_cookie@180037a30	false
180022060	wcdb_fetch_message_batch	180020570	FUN_180020570@180020570	false
180022060	wcdb_fetch_message_batch	180007940	FUN_180007940@180007940	false
180022060	wcdb_fetch_message_batch	18000bb70	FUN_18000bb70@18000bb70	false
180022060	wcdb_fetch_message_batch	18001c0f0	FUN_18001c0f0@18001c0f0	false
180022060	wcdb_fetch_message_batch	1800363c5	_Throw_Cpp_error@1800363c5	false
180024480	wcdb_free_string	EXTERNAL:000000ca	free@EXTERNAL:000000ca	true
180024490	wcdb_get_logs	EXTERNAL:00000073	basic_streambuf<char,std::char_traits<char>_>@EXTERNAL:00000073	true
180024490	wcdb_get_logs	EXTERNAL:0000008c	~basic_ios<char,std::char_traits<char>_>@EXTERNAL:0000008c	true
180024490	wcdb_get_logs	18003836a	memcpy@18003836a	false
180024490	wcdb_get_logs	EXTERNAL:00000091	basic_ios<char,std::char_traits<char>_>@EXTERNAL:00000091	true
180024490	wcdb_get_logs	1800046a0	FUN_1800046a0@1800046a0	false
180024490	wcdb_get_logs	EXTERNAL:000000cc	malloc@EXTERNAL:000000cc	true
180024490	wcdb_get_logs	180020170	FUN_180020170@180020170	false
180024490	wcdb_get_logs	EXTERNAL:00000093	~basic_ostream<char,std::char_traits<char>_>@EXTERNAL:00000093	true
180024490	wcdb_get_logs	1800011f0	FUN_1800011f0@1800011f0	false
180024490	wcdb_get_logs	1800363bf	_Mtx_unlock@1800363bf	false
180024490	wcdb_get_logs	1800363b9	_Mtx_lock@1800363b9	false
180024490	wcdb_get_logs	180001420	FUN_180001420@180001420	false
180024490	wcdb_get_logs	EXTERNAL:00000092	basic_ostream<char,std::char_traits<char>_>@EXTERNAL:00000092	true
180024490	wcdb_get_logs	180009380	FUN_180009380@180009380	false
180024490	wcdb_get_logs	180037a30	__security_check_cookie@180037a30	false
180024490	wcdb_get_logs	180037400	free@180037400	false
180024490	wcdb_get_logs	1800176b0	FUN_1800176b0@1800176b0	false
180024490	wcdb_get_logs	1800363c5	_Throw_Cpp_error@1800363c5	false
1800247e0	wcdb_get_sns_timeline	EXTERNAL:00000073	basic_streambuf<char,std::char_traits<char>_>@EXTERNAL:00000073	true
1800247e0	wcdb_get_sns_timeline	EXTERNAL:0000008c	~basic_ios<char,std::char_traits<char>_>@EXTERNAL:0000008c	true
1800247e0	wcdb_get_sns_timeline	EXTERNAL:00000091	basic_ios<char,std::char_traits<char>_>@EXTERNAL:00000091	true
1800247e0	wcdb_get_sns_timeline	180002340	FUN_180002340@180002340	false
1800247e0	wcdb_get_sns_timeline	18001fbd0	FUN_18001fbd0@18001fbd0	false
1800247e0	wcdb_get_sns_timeline	18001f250	FUN_18001f250@18001f250	false
1800247e0	wcdb_get_sns_timeline	18000d070	FUN_18000d070@18000d070	false
1800247e0	wcdb_get_sns_timeline	1800046a0	FUN_1800046a0@1800046a0	false
1800247e0	wcdb_get_sns_timeline	18001b280	FUN_18001b280@18001b280	false
1800247e0	wcdb_get_sns_timeline	180020170	FUN_180020170@180020170	false
1800247e0	wcdb_get_sns_timeline	180021270	wcdb_exec_query@180021270	false
1800247e0	wcdb_get_sns_timeline	EXTERNAL:00000093	~basic_ostream<char,std::char_traits<char>_>@EXTERNAL:00000093	true
1800247e0	wcdb_get_sns_timeline	1800011f0	FUN_1800011f0@1800011f0	false
1800247e0	wcdb_get_sns_timeline	180001420	FUN_180001420@180001420	false
1800247e0	wcdb_get_sns_timeline	EXTERNAL:00000095	operator<<@EXTERNAL:00000095	true
1800247e0	wcdb_get_sns_timeline	EXTERNAL:00000092	basic_ostream<char,std::char_traits<char>_>@EXTERNAL:00000092	true
1800247e0	wcdb_get_sns_timeline	180009380	FUN_180009380@180009380	false
1800247e0	wcdb_get_sns_timeline	180037a30	__security_check_cookie@180037a30	false
1800247e0	wcdb_get_sns_timeline	180037400	free@180037400	false
1800247e0	wcdb_get_sns_timeline	1800383a0	strlen@1800383a0	false
180024e00	wcdb_init	1800363bf	_Mtx_unlock@1800363bf	false
180024e00	wcdb_init	1800363b9	_Mtx_lock@1800363b9	false
180024e00	wcdb_init	180011310	FUN_180011310@180011310	false
180024e00	wcdb_init	180003af0	FUN_180003af0@180003af0	false
180024e00	wcdb_init	180037a30	__security_check_cookie@180037a30	false
180024e00	wcdb_init	180037400	free@180037400	false
180024e00	wcdb_init	1800373b0	FUN_1800373b0@1800373b0	false
180024e00	wcdb_init	18001f250	FUN_18001f250@18001f250	false
180024e00	wcdb_init	1800363c5	_Throw_Cpp_error@1800363c5	false
180024fa0	wcdb_open_account	1800165f0	FUN_1800165f0@1800165f0	false
180024fa0	wcdb_open_account	180007d60	FUN_180007d60@180007d60	false
180024fa0	wcdb_open_account	18003836a	memcpy@18003836a	false
180024fa0	wcdb_open_account	180004020	FUN_180004020@180004020	false
180024fa0	wcdb_open_account	180002340	FUN_180002340@180002340	false
180024fa0	wcdb_open_account	1800183e0	FUN_1800183e0@1800183e0	false
180024fa0	wcdb_open_account	180001c10	FUN_180001c10@180001c10	false
180024fa0	wcdb_open_account	18000d0e0	FUN_18000d0e0@18000d0e0	false
180024fa0	wcdb_open_account	18000ce50	FUN_18000ce50@18000ce50	false
180024fa0	wcdb_open_account	18000d190	FUN_18000d190@18000d190	false
180024fa0	wcdb_open_account	1800363bf	_Mtx_unlock@1800363bf	false
180024fa0	wcdb_open_account	180020b10	FUN_180020b10@180020b10	false
180024fa0	wcdb_open_account	18000d1f0	FUN_18000d1f0@18000d1f0	false
180024fa0	wcdb_open_account	1800040e0	FUN_1800040e0@1800040e0	false
180024fa0	wcdb_open_account	18000d260	FUN_18000d260@18000d260	false
180024fa0	wcdb_open_account	18001b190	FUN_18001b190@18001b190	false
180024fa0	wcdb_open_account	18000ce10	FUN_18000ce10@18000ce10	false
180024fa0	wcdb_open_account	18000ce90	FUN_18000ce90@18000ce90	false
180024fa0	wcdb_open_account	1800067e0	FUN_1800067e0@1800067e0	false
180024fa0	wcdb_open_account	180003af0	FUN_180003af0@180003af0	false
180024fa0	wcdb_open_account	18001f250	FUN_18001f250@18001f250	false
180024fa0	wcdb_open_account	18000d070	FUN_18000d070@18000d070	false
180024fa0	wcdb_open_account	18000a010	FUN_18000a010@18000a010	false
180024fa0	wcdb_open_account	180009560	FUN_180009560@180009560	false
180024fa0	wcdb_open_account	180018260	FUN_180018260@180018260	false
180024fa0	wcdb_open_account	180001780	FUN_180001780@180001780	false
180024fa0	wcdb_open_account	180002570	FUN_180002570@180002570	false
180024fa0	wcdb_open_account	18001b5f0	FUN_18001b5f0@18001b5f0	false
180024fa0	wcdb_open_account	180003f90	FUN_180003f90@180003f90	false
180024fa0	wcdb_open_account	180020450	FUN_180020450@180020450	false
180024fa0	wcdb_open_account	1800141a0	FUN_1800141a0@1800141a0	false
180024fa0	wcdb_open_account	180038376	memset@180038376	false
180024fa0	wcdb_open_account	1800366c0	FUN_1800366c0@1800366c0	false
180024fa0	wcdb_open_account	180038364	memcmp@180038364	false
180024fa0	wcdb_open_account	1800373b0	FUN_1800373b0@1800373b0	false
180024fa0	wcdb_open_account	18000e880	FUN_18000e880@18000e880	false
180024fa0	wcdb_open_account	1800081a0	FUN_1800081a0@1800081a0	false
180024fa0	wcdb_open_account	180037400	free@180037400	false
180024fa0	wcdb_open_account	1800383a0	strlen@1800383a0	false
180024fa0	wcdb_open_account	180020500	FUN_180020500@180020500	false
180024fa0	wcdb_open_account	18000c510	FUN_18000c510@18000c510	false
180024fa0	wcdb_open_account	1800077a0	FUN_1800077a0@1800077a0	false
180024fa0	wcdb_open_account	180001ea0	FUN_180001ea0@180001ea0	false
180024fa0	wcdb_open_account	1800363b9	_Mtx_lock@1800363b9	false
180024fa0	wcdb_open_account	180038370	memmove@180038370	false
180024fa0	wcdb_open_account	180037a30	__security_check_cookie@180037a30	false
180024fa0	wcdb_open_account	18000b510	FUN_18000b510@18000b510	false
180024fa0	wcdb_open_account	18000bb70	FUN_18000bb70@18000bb70	false
180024fa0	wcdb_open_account	1800085a0	FUN_1800085a0@1800085a0	false
180024fa0	wcdb_open_account	1800363c5	_Throw_Cpp_error@1800363c5	false
180026440	wcdb_open_message_cursor	18001f250	FUN_18001f250@18001f250	false
180026440	wcdb_open_message_cursor	1800195d0	FUN_1800195d0@1800195d0	false
1800264b0	wcdb_set_app_version	18002eca0	FUN_18002eca0@18002eca0	false
1800264d0	wcdb_set_client_info	18002ed10	FUN_18002ed10@18002ed10	false
1800264f0	wcdb_set_my_wxid	1800363bf	_Mtx_unlock@1800363bf	false
1800264f0	wcdb_set_my_wxid	180001d30	FUN_180001d30@180001d30	false
1800264f0	wcdb_set_my_wxid	1800363b9	_Mtx_lock@1800363b9	false
1800264f0	wcdb_set_my_wxid	18001f250	FUN_18001f250@18001f250	false
1800264f0	wcdb_set_my_wxid	1800383a0	strlen@1800383a0	false
1800264f0	wcdb_set_my_wxid	1800363c5	_Throw_Cpp_error@1800363c5	false
1800265f0	wcdb_set_trusted_time	18000d2d0	FUN_18000d2d0@18000d2d0	false
180026610	wcdb_shutdown	18002eb50	FUN_18002eb50@18002eb50	false
180026610	wcdb_shutdown	18001b7f0	FUN_18001b7f0@18001b7f0	false
180026610	wcdb_shutdown	1800363bf	_Mtx_unlock@1800363bf	false
180026610	wcdb_shutdown	1800363b9	_Mtx_lock@1800363b9	false
180026610	wcdb_shutdown	180003af0	FUN_180003af0@180003af0	false
180026610	wcdb_shutdown	180037a30	__security_check_cookie@180037a30	false
180026610	wcdb_shutdown	1800041f0	FUN_1800041f0@1800041f0	false
180026610	wcdb_shutdown	180037400	free@180037400	false
180026610	wcdb_shutdown	1800373b0	FUN_1800373b0@1800373b0	false
180026610	wcdb_shutdown	180004170	FUN_180004170@180004170	false
180026610	wcdb_shutdown	1800363c5	_Throw_Cpp_error@1800363c5	false
180026860	FUN_180026860	180002340	FUN_180002340@180002340	false
180026860	FUN_180026860	1800383a0	strlen@1800383a0	false
1800268b0	FUN_1800268b0	180002340	FUN_180002340@180002340	false
1800268b0	FUN_1800268b0	1800383a0	strlen@1800383a0	false
180026900	FUN_180026900	180028d70	FUN_180028d70@180028d70	false
180026920	FUN_180026920	180038370	memmove@180038370	false
180026920	FUN_180026920	18000cdd0	FUN_18000cdd0@18000cdd0	false
180026920	FUN_180026920	1800373b0	FUN_1800373b0@1800373b0	false
180026920	FUN_180026920	18000d170	FUN_18000d170@18000d170	false
180026a60	FUN_180026a60	1800373b0	FUN_1800373b0@1800373b0	false
180026a60	FUN_180026a60	180026c00	FUN_180026c00@180026c00	false
180026b30	FUN_180026b30	180038364	memcmp@180038364	false
180026b90	FUN_180026b90	180038364	memcmp@180038364	false
180026c00	FUN_180026c00	1800373b0	FUN_1800373b0@1800373b0	false
180026c00	FUN_180026c00	1800294b0	FUN_1800294b0@1800294b0	false
180026c00	FUN_180026c00	180026c00	FUN_180026c00@180026c00	false
180026c00	FUN_180026c00	180007c00	FUN_180007c00@180007c00	false
180026ce0	FUN_180026ce0	18000d190	FUN_18000d190@18000d190	false
180026ce0	FUN_180026ce0	180037400	free@180037400	false
180026ce0	FUN_180026ce0	18000cdd0	FUN_18000cdd0@18000cdd0	false
180026ce0	FUN_180026ce0	1800373b0	FUN_1800373b0@1800373b0	false
180026ce0	FUN_180026ce0	180029950	FUN_180029950@180029950	false
180026f50	FUN_180026f50	180026f50	FUN_180026f50@180026f50	false
180026f50	FUN_180026f50	180037400	free@180037400	false
180026f50	FUN_180026f50	18000d070	FUN_18000d070@18000d070	false
180026f50	FUN_180026f50	180029950	FUN_180029950@180029950	false
180026fc0	FUN_180026fc0	180038364	memcmp@180038364	false
180027090	FUN_180027090	180001d30	FUN_180001d30@180001d30	false
180027090	FUN_180027090	18003836a	memcpy@18003836a	false
180027090	FUN_180027090	1800288f0	FUN_1800288f0@1800288f0	false
180027090	FUN_180027090	180037a30	__security_check_cookie@180037a30	false
180027090	FUN_180027090	180037400	free@180037400	false
180027090	FUN_180027090	18000cdd0	FUN_18000cdd0@18000cdd0	false
180027090	FUN_180027090	1800373b0	FUN_1800373b0@1800373b0	false
180027090	FUN_180027090	18000d170	FUN_18000d170@18000d170	false
180027090	FUN_180027090	1800383a0	strlen@1800383a0	false
180027090	FUN_180027090	180027330	FUN_180027330@180027330	false
180027330	FUN_180027330	180027800	FUN_180027800@180027800	false
180027330	FUN_180027330	18002f4d0	FUN_18002f4d0@18002f4d0	false
180027330	FUN_180027330	18002f500	FUN_18002f500@18002f500	false
180027330	FUN_180027330	180037a30	__security_check_cookie@180037a30	false
180027330	FUN_180027330	180037400	free@180037400	false
180027330	FUN_180027330	1800289c0	FUN_1800289c0@1800289c0	false
180027330	FUN_180027330	180027980	FUN_180027980@180027980	false
180027330	FUN_180027330	180027bc0	FUN_180027bc0@180027bc0	false
180027330	FUN_180027330	EXTERNAL:000000cd	strtod@EXTERNAL:000000cd	true
180027330	FUN_180027330	18002ecc0	FUN_18002ecc0@18002ecc0	false
180027800	FUN_180027800	180038358	_CxxThrowException@180038358	false
180027800	FUN_180027800	180026ce0	FUN_180026ce0@180026ce0	false
180027800	FUN_180027800	180029950	FUN_180029950@180029950	false
180027800	FUN_180027800	18002e2f0	FUN_18002e2f0@18002e2f0	false
180027800	FUN_180027800	18002bcc0	FUN_18002bcc0@18002bcc0	false
180027800	FUN_180027800	1800293e0	FUN_1800293e0@1800293e0	false
180027800	FUN_180027800	180027330	FUN_180027330@180027330	false
180027980	FUN_180027980	18003836a	memcpy@18003836a	false
180027980	FUN_180027980	180037400	free@180037400	false
180027980	FUN_180027980	EXTERNAL:000000da	localeconv@EXTERNAL:000000da	true
180027980	FUN_180027980	18000cdd0	FUN_18000cdd0@18000cdd0	false
180027980	FUN_180027980	1800373b0	FUN_1800373b0@1800373b0	false
180027980	FUN_180027980	18000aa80	FUN_18000aa80@18000aa80	false
180027980	FUN_180027980	18000d170	FUN_18000d170@18000d170	false
180027bc0	FUN_180027bc0	180037a30	__security_check_cookie@180037a30	false
180027bc0	FUN_180027bc0	180037400	free@180037400	false
180027bc0	FUN_180027bc0	180038358	_CxxThrowException@180038358	false
180027bc0	FUN_180027bc0	18002e550	FUN_18002e550@18002e550	false
180027bc0	FUN_180027bc0	180028040	FUN_180028040@180028040	false
180027bc0	FUN_180027bc0	180029d10	FUN_180029d10@180029d10	false
180027bc0	FUN_180027bc0	18002bcc0	FUN_18002bcc0@18002bcc0	false
180027bc0	FUN_180027bc0	1800293e0	FUN_1800293e0@1800293e0	false
180027bc0	FUN_180027bc0	180027330	FUN_180027330@180027330	false
180028040	FUN_180028040	18003836a	memcpy@18003836a	false
180028040	FUN_180028040	180037400	free@180037400	false
180028040	FUN_180028040	18000cdd0	FUN_18000cdd0@18000cdd0	false
180028040	FUN_180028040	180027e60	FUN_180027e60@180027e60	false
180028040	FUN_180028040	1800373b0	FUN_1800373b0@1800373b0	false
180028040	FUN_180028040	18000d170	FUN_18000d170@18000d170	false
180028040	FUN_180028040	18001b8a0	FUN_18001b8a0@18001b8a0	false
1800284e0	FUN_1800284e0	180028b60	FUN_180028b60@180028b60	false
1800284e0	FUN_1800284e0	180029de0	FUN_180029de0@180029de0	false
1800284e0	FUN_1800284e0	18002f970	FUN_18002f970@18002f970	false
1800284e0	FUN_1800284e0	180037a30	__security_check_cookie@180037a30	false
1800284e0	FUN_1800284e0	180037400	free@180037400	false
1800284e0	FUN_1800284e0	1800284e0	FUN_1800284e0@1800284e0	false
1800284e0	FUN_1800284e0	18001b8a0	FUN_18001b8a0@18001b8a0	false
1800284e0	FUN_1800284e0	180028960	FUN_180028960@180028960	false
180028810	FUN_180028810	EXTERNAL:000000c2	__stdio_common_vsnprintf_s@EXTERNAL:000000c2	true
180028810	FUN_180028810	180031cc0	FUN_180031cc0@180031cc0	false
180028880	FUN_180028880	EXTERNAL:000000c2	__stdio_common_vsnprintf_s@EXTERNAL:000000c2	true
180028880	FUN_180028880	180031cc0	FUN_180031cc0@180031cc0	false
1800288f0	FUN_1800288f0	EXTERNAL:000000c2	__stdio_common_vsnprintf_s@EXTERNAL:000000c2	true
1800288f0	FUN_1800288f0	180031cc0	FUN_180031cc0@180031cc0	false
180028960	FUN_180028960	18001b8a0	FUN_18001b8a0@18001b8a0	false
1800289c0	FUN_1800289c0	180026f50	FUN_180026f50@180026f50	false
1800289c0	FUN_1800289c0	180037400	free@180037400	false
1800289c0	FUN_1800289c0	1800373b0	FUN_1800373b0@1800373b0	false
1800289c0	FUN_1800289c0	180038358	_CxxThrowException@180038358	false
1800289c0	FUN_1800289c0	18000d070	FUN_18000d070@18000d070	false
1800289c0	FUN_1800289c0	18002a2d0	FUN_18002a2d0@18002a2d0	false
1800289c0	FUN_1800289c0	180028040	FUN_180028040@180028040	false
1800289c0	FUN_1800289c0	180029950	FUN_180029950@180029950	false
1800289c0	FUN_1800289c0	1800293e0	FUN_1800293e0@1800293e0	false
180028b60	FUN_180028b60	180029de0	FUN_180029de0@180029de0	false
180028b60	FUN_180028b60	18001b8a0	FUN_18001b8a0@18001b8a0	false
180028bd0	FUN_180028bd0	180002340	FUN_180002340@180002340	false
180028bd0	FUN_180028bd0	1800383a0	strlen@1800383a0	false
180028c50	FUN_180028c50	180002340	FUN_180002340@180002340	false
180028c50	FUN_180028c50	1800383a0	strlen@1800383a0	false
180028c50	FUN_180028c50	180007c00	FUN_180007c00@180007c00	false
180028cc0	FUN_180028cc0	1800373b0	FUN_1800373b0@1800373b0	false
180028d00	FUN_180028d00	1800291f0	FUN_1800291f0@1800291f0	false
1800290b0	FUN_1800290b0	180007c00	FUN_180007c00@180007c00	false
180029350	FUN_180029350	180038346	__std_exception_copy@180038346	false
180029390	FUN_180029390	180038346	__std_exception_copy@180038346	false
1800293e0	FUN_1800293e0	180038346	__std_exception_copy@180038346	false
180029430	FUN_180029430	1800373b0	FUN_1800373b0@1800373b0	false
1800294b0	FUN_1800294b0	18000d190	FUN_18000d190@18000d190	false
1800294b0	FUN_1800294b0	18000cdd0	FUN_18000cdd0@18000cdd0	false
1800294b0	FUN_1800294b0	1800373b0	FUN_1800373b0@1800373b0	false
1800294b0	FUN_1800294b0	180026a60	FUN_180026a60@180026a60	false
1800294b0	FUN_1800294b0	1800294b0	FUN_1800294b0@1800294b0	false
1800294b0	FUN_1800294b0	180007c00	FUN_180007c00@180007c00	false
180029670	FUN_180029670	1800373b0	FUN_1800373b0@1800373b0	false
180029670	FUN_180029670	180007c00	FUN_180007c00@180007c00	false
1800296c0	FUN_1800296c0	1800373b0	FUN_1800373b0@1800373b0	false
1800296c0	FUN_1800296c0	180026a60	FUN_180026a60@180026a60	false
180029760	FUN_180029760	180026f50	FUN_180026f50@180026f50	false
180029760	FUN_180029760	180037400	free@180037400	false
1800297a0	FUN_1800297a0	180029950	FUN_180029950@180029950	false
1800297e0	FUN_1800297e0	180026f50	FUN_180026f50@180026f50	false
1800297e0	FUN_1800297e0	180037400	free@180037400	false
180029830	FUN_180029830	180026f50	FUN_180026f50@180026f50	false
180029830	FUN_180029830	180037400	free@180037400	false
180029870	FUN_180029870	18000d070	FUN_18000d070@18000d070	false
180029870	FUN_180029870	1800298c0	FUN_1800298c0@1800298c0	false
1800298a0	FUN_1800298a0	18000d070	FUN_18000d070@18000d070	false
1800298c0	FUN_1800298c0	18000d070	FUN_18000d070@18000d070	false
180029950	FUN_180029950	180026f50	FUN_180026f50@180026f50	false
180029950	FUN_180029950	180037400	free@180037400	false
180029950	FUN_180029950	18000d070	FUN_18000d070@18000d070	false
180029950	FUN_180029950	18002a2d0	FUN_18002a2d0@18002a2d0	false
180029a00	FUN_180029a00	180001d30	FUN_180001d30@180001d30	false
180029c20	FUN_180029c20	180026fc0	FUN_180026fc0@180026fc0	false
180029c20	FUN_180029c20	18000c510	FUN_18000c510@18000c510	false
180029c20	FUN_180029c20	1800373b0	FUN_1800373b0@1800373b0	false
180029c20	FUN_180029c20	18000aa10	FUN_18000aa10@18000aa10	false
180029c20	FUN_180029c20	18000ce90	FUN_18000ce90@18000ce90	false
180029d10	FUN_180029d10	180026fc0	FUN_180026fc0@180026fc0	false
180029d10	FUN_180029d10	18000c510	FUN_18000c510@18000c510	false
180029d10	FUN_180029d10	1800373b0	FUN_1800373b0@1800373b0	false
180029d10	FUN_180029d10	18000aa10	FUN_18000aa10@18000aa10	false
180029d10	FUN_180029d10	180007c00	FUN_180007c00@180007c00	false
180029d10	FUN_180029d10	18000ce90	FUN_18000ce90@18000ce90	false
180029de0	FUN_180029de0	180037a30	__security_check_cookie@180037a30	false
180029de0	FUN_180029de0	180037400	free@180037400	false
180029de0	FUN_180029de0	18001b8a0	FUN_18001b8a0@18001b8a0	false
180029de0	FUN_180029de0	180028810	FUN_180028810@180028810	false
18002a290	FUN_18002a290	180037400	free@180037400	false
18002a290	FUN_18002a290	1800298c0	FUN_1800298c0@1800298c0	false
18002a2d0	FUN_18002a2d0	180037400	free@180037400	false
18002a2d0	FUN_18002a2d0	180029950	FUN_180029950@180029950	false
18002a360	FUN_18002a360	18000cdd0	FUN_18000cdd0@18000cdd0	false
18002a360	FUN_18002a360	1800373b0	FUN_1800373b0@1800373b0	false
18002a3d0	FUN_18002a3d0	18000d190	FUN_18000d190@18000d190	false
18002a3d0	FUN_18002a3d0	18003836a	memcpy@18003836a	false
18002a3d0	FUN_18002a3d0	180037400	free@180037400	false
18002a3d0	FUN_18002a3d0	18000cdd0	FUN_18000cdd0@18000cdd0	false
18002a3d0	FUN_18002a3d0	1800373b0	FUN_1800373b0@1800373b0	false
18002a7e0	FUN_18002a7e0	18003836a	memcpy@18003836a	false
18002a7e0	FUN_18002a7e0	180037400	free@180037400	false
18002a7e0	FUN_18002a7e0	18000cdd0	FUN_18000cdd0@18000cdd0	false
18002a7e0	FUN_18002a7e0	1800373b0	FUN_1800373b0@1800373b0	false
18002a7e0	FUN_18002a7e0	18000d170	FUN_18000d170@18000d170	false
18002a7e0	FUN_18002a7e0	18001d580	FUN_18001d580@18001d580	false
18002abd0	FUN_18002abd0	18003836a	memcpy@18003836a	false
18002abd0	FUN_18002abd0	180037400	free@180037400	false
18002abd0	FUN_18002abd0	18000cdd0	FUN_18000cdd0@18000cdd0	false
18002abd0	FUN_18002abd0	1800373b0	FUN_1800373b0@1800373b0	false
18002abd0	FUN_18002abd0	18000d170	FUN_18000d170@18000d170	false
18002abd0	FUN_18002abd0	18001d580	FUN_18001d580@18001d580	false
18002af60	FUN_18002af60	18003836a	memcpy@18003836a	false
18002af60	FUN_18002af60	180001d30	FUN_180001d30@180001d30	false
18002af60	FUN_18002af60	180038364	memcmp@180038364	false
18002af60	FUN_18002af60	1800062a0	FUN_1800062a0@1800062a0	false
18002af60	FUN_18002af60	1800373b0	FUN_1800373b0@1800373b0	false
18002af60	FUN_18002af60	1800363bf	_Mtx_unlock@1800363bf	false
18002af60	FUN_18002af60	1800010c0	FUN_1800010c0@1800010c0	false
18002af60	FUN_18002af60	180037400	free@180037400	false
18002af60	FUN_18002af60	1800298c0	FUN_1800298c0@1800298c0	false
18002af60	FUN_18002af60	18002d550	FUN_18002d550@18002d550	false
18002af60	FUN_18002af60	1800073c0	FUN_1800073c0@1800073c0	false
18002af60	FUN_18002af60	180006110	FUN_180006110@180006110	false
18002af60	FUN_18002af60	18000d070	FUN_18000d070@18000d070	false
18002af60	FUN_18002af60	1800314b0	FUN_1800314b0@1800314b0	false
18002af60	FUN_18002af60	18002d8f0	FUN_18002d8f0@18002d8f0	false
18002af60	FUN_18002af60	1800363b9	_Mtx_lock@1800363b9	false
18002af60	FUN_18002af60	1800290b0	FUN_1800290b0@1800290b0	false
18002af60	FUN_18002af60	180038370	memmove@180038370	false
18002af60	FUN_18002af60	1800193e0	FUN_1800193e0@1800193e0	false
18002af60	FUN_18002af60	180037a30	__security_check_cookie@180037a30	false
18002af60	FUN_18002af60	18002b940	FUN_18002b940@18002b940	false
18002af60	FUN_18002af60	18002bd40	FUN_18002bd40@18002bd40	false
18002af60	FUN_18002af60	180007c00	FUN_180007c00@180007c00	false
18002af60	FUN_18002af60	180029a00	FUN_180029a00@180029a00	false
18002af60	FUN_18002af60	1800363c5	_Throw_Cpp_error@1800363c5	false
18002b940	FUN_18002b940	18003836a	memcpy@18003836a	false
18002b940	FUN_18002b940	18000cdd0	FUN_18000cdd0@18000cdd0	false
18002b940	FUN_18002b940	1800373b0	FUN_1800373b0@1800373b0	false
18002b940	FUN_18002b940	18000d170	FUN_18000d170@18000d170	false
18002b940	FUN_18002b940	18002f580	FUN_18002f580@18002f580	false
18002bd40	FUN_18002bd40	180029830	FUN_180029830@180029830	false
18002bd40	FUN_18002bd40	18002ec50	FUN_18002ec50@18002ec50	false
18002bd40	FUN_18002bd40	180007d10	FUN_180007d10@180007d10	false
18002bd40	FUN_18002bd40	180029430	FUN_180029430@180029430	false
18002bd40	FUN_18002bd40	180032cb0	FUN_180032cb0@180032cb0	false
18002bd40	FUN_18002bd40	1800298c0	FUN_1800298c0@1800298c0	false
18002bd40	FUN_18002bd40	18000ce90	FUN_18000ce90@18000ce90	false
18002bd40	FUN_18002bd40	1800345a0	FUN_1800345a0@1800345a0	false
18002bd40	FUN_18002bd40	180029670	FUN_180029670@180029670	false
18002bd40	FUN_18002bd40	180029c00	FUN_180029c00@180029c00	false
18002bd40	FUN_18002bd40	18000d070	FUN_18000d070@18000d070	false
18002bd40	FUN_18002bd40	180028d70	FUN_180028d70@180028d70	false
18002bd40	FUN_18002bd40	180029950	FUN_180029950@180029950	false
18002bd40	FUN_18002bd40	18002a290	FUN_18002a290@18002a290	false
18002bd40	FUN_18002bd40	18000bae0	FUN_18000bae0@18000bae0	false
18002bd40	FUN_18002bd40	1800290b0	FUN_1800290b0@1800290b0	false
18002bd40	FUN_18002bd40	1800298a0	FUN_1800298a0@1800298a0	false
18002bd40	FUN_18002bd40	18002a7e0	FUN_18002a7e0@18002a7e0	false
18002bd40	FUN_18002bd40	180008070	FUN_180008070@180008070	false
18002bd40	FUN_18002bd40	180007c00	FUN_180007c00@180007c00	false
18002bd40	FUN_18002bd40	180001d30	FUN_180001d30@180001d30	false
18002bd40	FUN_18002bd40	180038364	memcmp@180038364	false
18002bd40	FUN_18002bd40	1800373b0	FUN_1800373b0@1800373b0	false
18002bd40	FUN_18002bd40	180026b30	FUN_180026b30@180026b30	false
18002bd40	FUN_18002bd40	18002a360	FUN_18002a360@18002a360	false
18002bd40	FUN_18002bd40	1800296c0	FUN_1800296c0@1800296c0	false
18002bd40	FUN_18002bd40	1800372c0	Sleep@1800372c0	false
18002bd40	FUN_18002bd40	180026f50	FUN_180026f50@180026f50	false
18002bd40	FUN_18002bd40	180037400	free@180037400	false
18002bd40	FUN_18002bd40	18000b010	FUN_18000b010@18000b010	false
18002bd40	FUN_18002bd40	1800347f0	FUN_1800347f0@1800347f0	false
18002bd40	FUN_18002bd40	1800363b3	_Query_perf_frequency@1800363b3	false
18002bd40	FUN_18002bd40	180029390	FUN_180029390@180029390	false
18002bd40	FUN_18002bd40	18002e470	FUN_18002e470@18002e470	false
18002bd40	FUN_18002bd40	180026fc0	FUN_180026fc0@180026fc0	false
18002bd40	FUN_18002bd40	180029c20	FUN_180029c20@180029c20	false
18002bd40	FUN_18002bd40	1800297e0	FUN_1800297e0@1800297e0	false
18002bd40	FUN_18002bd40	180001670	FUN_180001670@180001670	false
18002bd40	FUN_18002bd40	18000c510	FUN_18000c510@18000c510	false
18002bd40	FUN_18002bd40	18002e0c0	FUN_18002e0c0@18002e0c0	false
18002bd40	FUN_18002bd40	180029870	FUN_180029870@180029870	false
18002bd40	FUN_18002bd40	180028d00	FUN_180028d00@180028d00	false
18002bd40	FUN_18002bd40	1800345f0	FUN_1800345f0@1800345f0	false
18002bd40	FUN_18002bd40	1800193e0	FUN_1800193e0@1800193e0	false
18002bd40	FUN_18002bd40	180037a30	__security_check_cookie@180037a30	false
18002bd40	FUN_18002bd40	18002ff10	FUN_18002ff10@18002ff10	false
18002bd40	FUN_18002bd40	EXTERNAL:000000d8	_finite@EXTERNAL:000000d8	true
18002bd40	FUN_18002bd40	180038358	_CxxThrowException@180038358	false
18002bd40	FUN_18002bd40	1800363ad	_Query_perf_counter@1800363ad	false
18002d4f0	FUN_18002d4f0	180036370	thunk_FUN_1800359c0@180036370	false
18002d550	FUN_18002d550	180001d30	FUN_180001d30@180001d30	false
18002d550	FUN_18002d550	180038364	memcmp@180038364	false
18002d550	FUN_18002d550	18000d070	FUN_18000d070@18000d070	false
18002d550	FUN_18002d550	180034360	FUN_180034360@180034360	false
18002d550	FUN_18002d550	1800314b0	FUN_1800314b0@1800314b0	false
18002d550	FUN_18002d550	18000d0e0	FUN_18000d0e0@18000d0e0	false
18002d550	FUN_18002d550	18002e6c0	FUN_18002e6c0@18002e6c0	false
18002d550	FUN_18002d550	1800290b0	FUN_1800290b0@1800290b0	false
18002d550	FUN_18002d550	18002ff10	FUN_18002ff10@18002ff10	false
18002d550	FUN_18002d550	180036f30	FUN_180036f30@180036f30	false
18002d550	FUN_18002d550	180037a30	__security_check_cookie@180037a30	false
18002d550	FUN_18002d550	180037400	free@180037400	false
18002d550	FUN_18002d550	180033130	FUN_180033130@180033130	false
18002d550	FUN_18002d550	180029a00	FUN_180029a00@180029a00	false
18002d550	FUN_18002d550	1800298c0	FUN_1800298c0@1800298c0	false
18002d8f0	FUN_18002d8f0	180033640	FUN_180033640@180033640	false
18002d8f0	FUN_18002d8f0	180034b60	FUN_180034b60@180034b60	false
18002d8f0	FUN_18002d8f0	18002abd0	FUN_18002abd0@18002abd0	false
18002d8f0	FUN_18002d8f0	180037a30	__security_check_cookie@180037a30	false
18002d8f0	FUN_18002d8f0	180037400	free@180037400	false
18002d8f0	FUN_18002d8f0	1800373b0	FUN_1800373b0@1800373b0	false
18002d8f0	FUN_18002d8f0	180001c10	FUN_180001c10@180001c10	false
18002d8f0	FUN_18002d8f0	180032a60	FUN_180032a60@180032a60	false
18002dd70	FUN_18002dd70	180038364	memcmp@180038364	false
18002dd70	FUN_18002dd70	180037a30	__security_check_cookie@180037a30	false
18002dd70	FUN_18002dd70	180037400	free@180037400	false
18002dd70	FUN_18002dd70	180002340	FUN_180002340@180002340	false
18002dd70	FUN_18002dd70	1800383a0	strlen@1800383a0	false
18002df10	FUN_18002df10	180038364	memcmp@180038364	false
18002df10	FUN_18002df10	180037a30	__security_check_cookie@180037a30	false
18002df10	FUN_18002df10	180037400	free@180037400	false
18002df10	FUN_18002df10	180002340	FUN_180002340@180002340	false
18002df10	FUN_18002df10	1800383a0	strlen@1800383a0	false
18002e0c0	FUN_18002e0c0	180038364	memcmp@180038364	false
18002e0c0	FUN_18002e0c0	180037a30	__security_check_cookie@180037a30	false
18002e0c0	FUN_18002e0c0	180037400	free@180037400	false
18002e0c0	FUN_18002e0c0	180002340	FUN_180002340@180002340	false
18002e0c0	FUN_18002e0c0	1800383a0	strlen@1800383a0	false
18002e0c0	FUN_18002e0c0	180007c00	FUN_180007c00@180007c00	false
18002e260	FUN_18002e260	180027090	FUN_180027090@180027090	false
18002e2f0	FUN_18002e2f0	180026f50	FUN_180026f50@180026f50	false
18002e2f0	FUN_18002e2f0	180037400	free@180037400	false
18002e2f0	FUN_18002e2f0	1800373b0	FUN_1800373b0@1800373b0	false
18002e2f0	FUN_18002e2f0	18000d070	FUN_18000d070@18000d070	false
18002e2f0	FUN_18002e2f0	18002a2d0	FUN_18002a2d0@18002a2d0	false
18002e2f0	FUN_18002e2f0	180029950	FUN_180029950@180029950	false
18002e470	FUN_18002e470	18002e260	FUN_18002e260@18002e260	false
18002e470	FUN_18002e470	180037a30	__security_check_cookie@180037a30	false
18002e470	FUN_18002e470	180037400	free@180037400	false
18002e470	FUN_18002e470	180026a60	FUN_180026a60@180026a60	false
18002e470	FUN_18002e470	180029950	FUN_180029950@180029950	false
18002e550	FUN_18002e550	180028cc0	FUN_180028cc0@180028cc0	false
18002e550	FUN_18002e550	180026f50	FUN_180026f50@180026f50	false
18002e550	FUN_18002e550	180037400	free@180037400	false
18002e550	FUN_18002e550	1800373b0	FUN_1800373b0@1800373b0	false
18002e550	FUN_18002e550	18000d070	FUN_18000d070@18000d070	false
18002e550	FUN_18002e550	18002a2d0	FUN_18002a2d0@18002a2d0	false
18002e550	FUN_18002e550	180029950	FUN_180029950@180029950	false
18002e6c0	FUN_18002e6c0	180009e00	FUN_180009e00@180009e00	false
18002e6c0	FUN_18002e6c0	180038364	memcmp@180038364	false
18002e6c0	FUN_18002e6c0	180037a30	__security_check_cookie@180037a30	false
18002e6c0	FUN_18002e6c0	180037400	free@180037400	false
18002e6c0	FUN_18002e6c0	180034360	FUN_180034360@180034360	false
18002e6c0	FUN_18002e6c0	18000d0e0	FUN_18000d0e0@18000d0e0	false
18002e6c0	FUN_18002e6c0	180033130	FUN_180033130@180033130	false
18002e6c0	FUN_18002e6c0	18002e810	FUN_18002e810@18002e810	false
18002e810	FUN_18002e810	EXTERNAL:00000073	basic_streambuf<char,std::char_traits<char>_>@EXTERNAL:00000073	true
18002e810	FUN_18002e810	EXTERNAL:0000008c	~basic_ios<char,std::char_traits<char>_>@EXTERNAL:0000008c	true
18002e810	FUN_18002e810	EXTERNAL:00000091	basic_ios<char,std::char_traits<char>_>@EXTERNAL:00000091	true
18002e810	FUN_18002e810	EXTERNAL:000000aa	tellg@EXTERNAL:000000aa	true
18002e810	FUN_18002e810	180019490	FUN_180019490@180019490	false
18002e810	FUN_18002e810	EXTERNAL:00000088	_Init@EXTERNAL:00000088	true
18002e810	FUN_18002e810	EXTERNAL:0000009c	read@EXTERNAL:0000009c	true
18002e810	FUN_18002e810	180009290	FUN_180009290@180009290	false
18002e810	FUN_18002e810	EXTERNAL:0000008d	setstate@EXTERNAL:0000008d	true
18002e810	FUN_18002e810	EXTERNAL:000000a9	seekg@EXTERNAL:000000a9	true
18002e810	FUN_18002e810	EXTERNAL:000000a8	operator_bool@EXTERNAL:000000a8	true
18002e810	FUN_18002e810	180037a30	__security_check_cookie@180037a30	false
18002e810	FUN_18002e810	EXTERNAL:0000009a	basic_istream<char,std::char_traits<char>_>@EXTERNAL:0000009a	true
18002e810	FUN_18002e810	180037400	free@180037400	false
18002e810	FUN_18002e810	EXTERNAL:0000009b	~basic_istream<char,std::char_traits<char>_>@EXTERNAL:0000009b	true
18002e810	FUN_18002e810	180008090	FUN_180008090@180008090	false
18002e810	FUN_18002e810	EXTERNAL:0000006e	operator!@EXTERNAL:0000006e	true
18002e810	FUN_18002e810	180007c00	FUN_180007c00@180007c00	false
18002eb50	FUN_18002eb50	1800363bf	_Mtx_unlock@1800363bf	false
18002eb50	FUN_18002eb50	1800363b9	_Mtx_lock@1800363b9	false
18002eb50	FUN_18002eb50	1800363c5	_Throw_Cpp_error@1800363c5	false
18002eb50	FUN_18002eb50	1800298c0	FUN_1800298c0@1800298c0	false
18002ec50	FUN_18002ec50	1800284e0	FUN_1800284e0@1800284e0	false
18002eca0	FUN_18002eca0	18002ed10	FUN_18002ed10@18002ed10	false
18002ecc0	FUN_18002ecc0	180029950	FUN_180029950@180029950	false
18002ed10	FUN_18002ed10	180001d30	FUN_180001d30@180001d30	false
18002ed10	FUN_18002ed10	1800363bf	_Mtx_unlock@1800363bf	false
18002ed10	FUN_18002ed10	1800363b9	_Mtx_lock@1800363b9	false
18002ed10	FUN_18002ed10	180038364	memcmp@180038364	false
18002ed10	FUN_18002ed10	180037a30	__security_check_cookie@180037a30	false
18002ed10	FUN_18002ed10	180037400	free@180037400	false
18002ed10	FUN_18002ed10	180002340	FUN_180002340@180002340	false
18002ed10	FUN_18002ed10	1800363c5	_Throw_Cpp_error@1800363c5	false
18002ed10	FUN_18002ed10	1800298c0	FUN_1800298c0@1800298c0	false
18002f4d0	FUN_18002f4d0	180029950	FUN_180029950@180029950	false
18002f500	FUN_18002f500	EXTERNAL:000000d8	_finite@EXTERNAL:000000d8	true
18002f500	FUN_18002f500	180038358	_CxxThrowException@180038358	false
18002f500	FUN_18002f500	180029950	FUN_180029950@180029950	false
18002f500	FUN_18002f500	180029390	FUN_180029390@180029390	false
18002f580	FUN_18002f580	180038364	memcmp@180038364	false
18002f970	FUN_18002f970	18003836a	memcpy@18003836a	false
18002f970	FUN_18002f970	EXTERNAL:000000d7	modf@EXTERNAL:000000d7	true
18002f970	FUN_18002f970	180006110	FUN_180006110@180006110	false
18002f970	FUN_18002f970	18000cdd0	FUN_18000cdd0@18000cdd0	false
18002f970	FUN_18002f970	180028880	FUN_180028880@180028880	false
18002f970	FUN_18002f970	180002340	FUN_180002340@180002340	false
18002f970	FUN_18002f970	1800373b0	FUN_1800373b0@1800373b0	false
18002f970	FUN_18002f970	180001780	FUN_180001780@180001780	false
18002f970	FUN_18002f970	180007d10	FUN_180007d10@180007d10	false
18002f970	FUN_18002f970	180037a30	__security_check_cookie@180037a30	false
18002f970	FUN_18002f970	EXTERNAL:000000da	localeconv@EXTERNAL:000000da	true
18002f970	FUN_18002f970	180037400	free@180037400	false
18002f970	FUN_18002f970	180038358	_CxxThrowException@180038358	false
18002f970	FUN_18002f970	18000d170	FUN_18000d170@18000d170	false
18002f970	FUN_18002f970	1800383ac	strncmp@1800383ac	false
18002f970	FUN_18002f970	1800383a0	strlen@1800383a0	false
18002f970	FUN_18002f970	180007c00	FUN_180007c00@180007c00	false
18002f970	FUN_18002f970	1800293e0	FUN_1800293e0@1800293e0	false
18002ff10	FUN_18002ff10	18003836a	memcpy@18003836a	false
18002ff10	FUN_18002ff10	1800268b0	FUN_1800268b0@1800268b0	false
18002ff10	FUN_18002ff10	180029830	FUN_180029830@180029830	false
18002ff10	FUN_18002ff10	18000cdd0	FUN_18000cdd0@18000cdd0	false
18002ff10	FUN_18002ff10	180002340	FUN_180002340@180002340	false
18002ff10	FUN_18002ff10	1800373b0	FUN_1800373b0@1800373b0	false
18002ff10	FUN_18002ff10	1800090d0	FUN_1800090d0@1800090d0	false
18002ff10	FUN_18002ff10	180026b30	FUN_180026b30@180026b30	false
18002ff10	FUN_18002ff10	18000d190	FUN_18000d190@18000d190	false
18002ff10	FUN_18002ff10	180026860	FUN_180026860@180026860	false
18002ff10	FUN_18002ff10	180034c40	FUN_180034c40@180034c40	false
18002ff10	FUN_18002ff10	180037400	free@180037400	false
18002ff10	FUN_18002ff10	180020260	FUN_180020260@180020260	false
18002ff10	FUN_18002ff10	18000b010	FUN_18000b010@18000b010	false
18002ff10	FUN_18002ff10	180028bd0	FUN_180028bd0@180028bd0	false
18002ff10	FUN_18002ff10	180036370	thunk_FUN_1800359c0@180036370	false
18002ff10	FUN_18002ff10	180001ad0	FUN_180001ad0@180001ad0	false
18002ff10	FUN_18002ff10	18002fea0	FUN_18002fea0@18002fea0	false
18002ff10	FUN_18002ff10	18000d1d0	FUN_18000d1d0@18000d1d0	false
18002ff10	FUN_18002ff10	18002df10	FUN_18002df10@18002df10	false
18002ff10	FUN_18002ff10	18002d4f0	FUN_18002d4f0@18002d4f0	false
18002ff10	FUN_18002ff10	18002e470	FUN_18002e470@18002e470	false
18002ff10	FUN_18002ff10	1800298c0	FUN_1800298c0@1800298c0	false
18002ff10	FUN_18002ff10	180001670	FUN_180001670@180001670	false
18002ff10	FUN_18002ff10	18002e0c0	FUN_18002e0c0@18002e0c0	false
18002ff10	FUN_18002ff10	180026b90	FUN_180026b90@180026b90	false
18002ff10	FUN_18002ff10	18000d070	FUN_18000d070@18000d070	false
18002ff10	FUN_18002ff10	180026900	FUN_180026900@180026900	false
18002ff10	FUN_18002ff10	180028c50	FUN_180028c50@180028c50	false
18002ff10	FUN_18002ff10	180037a30	__security_check_cookie@180037a30	false
18002ff10	FUN_18002ff10	18002fe30	FUN_18002fe30@18002fe30	false
18002ff10	FUN_18002ff10	18002a3d0	FUN_18002a3d0@18002a3d0	false
18002ff10	FUN_18002ff10	180026920	FUN_180026920@180026920	false
18002ff10	FUN_18002ff10	18002dd70	FUN_18002dd70@18002dd70	false
18002ff10	FUN_18002ff10	180007c00	FUN_180007c00@180007c00	false
18002ff10	FUN_18002ff10	180001b30	FUN_180001b30@180001b30	false
1800314b0	FUN_1800314b0	180038376	memset@180038376	false
1800314b0	FUN_1800314b0	EXTERNAL:00000073	basic_streambuf<char,std::char_traits<char>_>@EXTERNAL:00000073	true
1800314b0	FUN_1800314b0	1800366c0	FUN_1800366c0@1800366c0	false
1800314b0	FUN_1800314b0	18000d0e0	FUN_18000d0e0@18000d0e0	false
1800314b0	FUN_1800314b0	180009290	FUN_180009290@180009290	false
1800314b0	FUN_1800314b0	180002440	FUN_180002440@180002440	false
1800314b0	FUN_1800314b0	180037260	FUN_180037260@180037260	false
1800314b0	FUN_1800314b0	18000ce50	FUN_18000ce50@18000ce50	false
1800314b0	FUN_1800314b0	EXTERNAL:0000008d	setstate@EXTERNAL:0000008d	true
1800314b0	FUN_1800314b0	EXTERNAL:00000092	basic_ostream<char,std::char_traits<char>_>@EXTERNAL:00000092	true
1800314b0	FUN_1800314b0	180036670	FUN_180036670@180036670	false
1800314b0	FUN_1800314b0	180036f30	FUN_180036f30@180036f30	false
1800314b0	FUN_1800314b0	180037400	free@180037400	false
1800314b0	FUN_1800314b0	18000ea30	FUN_18000ea30@18000ea30	false
1800314b0	FUN_1800314b0	180036640	FUN_180036640@180036640	false
1800314b0	FUN_1800314b0	18001da10	FUN_18001da10@18001da10	false
1800314b0	FUN_1800314b0	EXTERNAL:0000006e	operator!@EXTERNAL:0000006e	true
1800314b0	FUN_1800314b0	180033130	FUN_180033130@180033130	false
1800314b0	FUN_1800314b0	EXTERNAL:00000098	write@EXTERNAL:00000098	true
1800314b0	FUN_1800314b0	18000ce10	FUN_18000ce10@18000ce10	false
1800314b0	FUN_1800314b0	1800067e0	FUN_1800067e0@1800067e0	false
1800314b0	FUN_1800314b0	EXTERNAL:0000008c	~basic_ios<char,std::char_traits<char>_>@EXTERNAL:0000008c	true
1800314b0	FUN_1800314b0	18000c190	FUN_18000c190@18000c190	false
1800314b0	FUN_1800314b0	EXTERNAL:00000091	basic_ios<char,std::char_traits<char>_>@EXTERNAL:00000091	true
1800314b0	FUN_1800314b0	180006110	FUN_180006110@180006110	false
1800314b0	FUN_1800314b0	180019490	FUN_180019490@180019490	false
1800314b0	FUN_1800314b0	EXTERNAL:00000088	_Init@EXTERNAL:00000088	true
1800314b0	FUN_1800314b0	EXTERNAL:00000093	~basic_ostream<char,std::char_traits<char>_>@EXTERNAL:00000093	true
1800314b0	FUN_1800314b0	180037a30	__security_check_cookie@180037a30	false
180031cd0	FUN_180031cd0	EXTERNAL:0000008d	setstate@EXTERNAL:0000008d	true
180031cd0	FUN_180031cd0	EXTERNAL:00000057	_Ipfx@EXTERNAL:00000057	true
180031cd0	FUN_180031cd0	EXTERNAL:0000005a	sgetc@EXTERNAL:0000005a	true
180031cd0	FUN_180031cd0	18001b8a0	FUN_18001b8a0@18001b8a0	false
180031cd0	FUN_180031cd0	EXTERNAL:00000059	snextc@EXTERNAL:00000059	true
180031cd0	FUN_180031cd0	EXTERNAL:000000ab	sbumpc@EXTERNAL:000000ab	true
180031cd0	FUN_180031cd0	EXTERNAL:0000008f	rdbuf@EXTERNAL:0000008f	true
180031e80	FUN_180031e80	EXTERNAL:0000008f	rdbuf@EXTERNAL:0000008f	true
180031eb0	FUN_180031eb0	180038376	memset@180038376	false
180031eb0	FUN_180031eb0	1800067e0	FUN_1800067e0@1800067e0	false
180031eb0	FUN_180031eb0	18003836a	memcpy@18003836a	false
180031eb0	FUN_180031eb0	1800062a0	FUN_1800062a0@1800062a0	false
180031eb0	FUN_180031eb0	EXTERNAL:00000056	WinHttpOpenRequest@EXTERNAL:00000056	true
180031eb0	FUN_180031eb0	EXTERNAL:0000004f	WinHttpSendRequest@EXTERNAL:0000004f	true
180031eb0	FUN_180031eb0	EXTERNAL:00000027	GetLastError@EXTERNAL:00000027	true
180031eb0	FUN_180031eb0	EXTERNAL:00000051	WinHttpCloseHandle@EXTERNAL:00000051	true
180031eb0	FUN_180031eb0	EXTERNAL:00000050	WinHttpOpen@EXTERNAL:00000050	true
180031eb0	FUN_180031eb0	180038370	memmove@180038370	false
180031eb0	FUN_180031eb0	180034b90	FUN_180034b90@180034b90	false
180031eb0	FUN_180031eb0	EXTERNAL:0000004e	WinHttpReceiveResponse@EXTERNAL:0000004e	true
180031eb0	FUN_180031eb0	180037a30	__security_check_cookie@180037a30	false
180031eb0	FUN_180031eb0	180037400	free@180037400	false
180031eb0	FUN_180031eb0	EXTERNAL:00000054	WinHttpQueryDataAvailable@EXTERNAL:00000054	true
180031eb0	FUN_180031eb0	EXTERNAL:00000055	WinHttpSetTimeouts@EXTERNAL:00000055	true
180031eb0	FUN_180031eb0	EXTERNAL:00000053	WinHttpReadData@EXTERNAL:00000053	true
180031eb0	FUN_180031eb0	18001d970	FUN_18001d970@18001d970	false
180031eb0	FUN_180031eb0	EXTERNAL:0000004d	WinHttpQueryHeaders@EXTERNAL:0000004d	true
180031eb0	FUN_180031eb0	EXTERNAL:00000052	WinHttpConnect@EXTERNAL:00000052	true
180031eb0	FUN_180031eb0	1800017f0	FUN_1800017f0@1800017f0	false
180031eb0	FUN_180031eb0	18000d390	FUN_18000d390@18000d390	false
180032a60	FUN_180032a60	EXTERNAL:00000028	GetModuleFileNameW@EXTERNAL:00000028	true
180032a60	FUN_180032a60	1800081a0	FUN_1800081a0@1800081a0	false
180032a60	FUN_180032a60	180037a30	__security_check_cookie@180037a30	false
180032a60	FUN_180032a60	180037400	free@180037400	false
180032a60	FUN_180032a60	1800373b0	FUN_1800373b0@1800373b0	false
180032a60	FUN_180032a60	18000d0e0	FUN_18000d0e0@18000d0e0	false
180032a60	FUN_180032a60	180034e60	FUN_180034e60@180034e60	false
180032a60	FUN_180032a60	180002440	FUN_180002440@180002440	false
180032a60	FUN_180032a60	1800141a0	FUN_1800141a0@1800141a0	false
180032cf0	FUN_180032cf0	180038376	memset@180038376	false
180032cf0	FUN_180032cf0	18003836a	memcpy@18003836a	false
180032cf0	FUN_180032cf0	1800350cd	BCryptFinishHash@1800350cd	false
180032cf0	FUN_180032cf0	1800350d3	BCryptDestroyHash@1800350d3	false
180032cf0	FUN_180032cf0	18003509d	BCryptOpenAlgorithmProvider@18003509d	false
180032cf0	FUN_180032cf0	1800350a3	BCryptGetProperty@1800350a3	false
180032cf0	FUN_180032cf0	1800350c1	BCryptCreateHash@1800350c1	false
180032cf0	FUN_180032cf0	180037400	free@180037400	false
180032cf0	FUN_180032cf0	18000cdd0	FUN_18000cdd0@18000cdd0	false
180032cf0	FUN_180032cf0	1800373b0	FUN_1800373b0@1800373b0	false
180032cf0	FUN_180032cf0	1800350c7	BCryptHashData@1800350c7	false
180032cf0	FUN_180032cf0	1800350a9	BCryptCloseAlgorithmProvider@1800350a9	false
180033130	FUN_180033130	18003836a	memcpy@18003836a	false
180033130	FUN_180033130	18000a0f0	FUN_18000a0f0@18000a0f0	false
180033130	FUN_180033130	18000cdd0	FUN_18000cdd0@18000cdd0	false
180033130	FUN_180033130	1800373b0	FUN_1800373b0@1800373b0	false
180033130	FUN_180033130	18000d0e0	FUN_18000d0e0@18000d0e0	false
180033130	FUN_180033130	180002440	FUN_180002440@180002440	false
180033130	FUN_180033130	18000ce50	FUN_18000ce50@18000ce50	false
180033130	FUN_180033130	180036670	FUN_180036670@180036670	false
180033130	FUN_180033130	180037a30	__security_check_cookie@180037a30	false
180033130	FUN_180033130	1800383a6	wcslen@1800383a6	false
180033130	FUN_180033130	180037400	free@180037400	false
180033130	FUN_180033130	180036640	FUN_180036640@180036640	false
180033130	FUN_180033130	18000d170	FUN_18000d170@18000d170	false
180033130	FUN_180033130	18001da10	FUN_18001da10@18001da10	false
180033130	FUN_180033130	EXTERNAL:000000c9	_wgetenv@EXTERNAL:000000c9	true
180033130	FUN_180033130	18000ce10	FUN_18000ce10@18000ce10	false
180033640	FUN_180033640	180007d60	FUN_180007d60@180007d60	false
180033640	FUN_180033640	180034830	FUN_180034830@180034830	false
180033640	FUN_180033640	180037a30	__security_check_cookie@180037a30	false
180033640	FUN_180033640	180037400	free@180037400	false
180033640	FUN_180033640	180001c10	FUN_180001c10@180001c10	false
180033640	FUN_180033640	18000d0e0	FUN_18000d0e0@18000d0e0	false
180033640	FUN_180033640	180034e60	FUN_180034e60@180034e60	false
180033640	FUN_180033640	1800338d0	FUN_1800338d0@1800338d0	false
1800338d0	FUN_1800338d0	EXTERNAL:00000073	basic_streambuf<char,std::char_traits<char>_>@EXTERNAL:00000073	true
1800338d0	FUN_1800338d0	18000a0f0	FUN_18000a0f0@18000a0f0	false
1800338d0	FUN_1800338d0	1800046a0	FUN_1800046a0@1800046a0	false
1800338d0	FUN_1800338d0	18000d0e0	FUN_18000d0e0@18000d0e0	false
1800338d0	FUN_1800338d0	180009290	FUN_180009290@180009290	false
1800338d0	FUN_1800338d0	180002440	FUN_180002440@180002440	false
1800338d0	FUN_1800338d0	EXTERNAL:00000058	widen@EXTERNAL:00000058	true
1800338d0	FUN_1800338d0	EXTERNAL:0000008d	setstate@EXTERNAL:0000008d	true
1800338d0	FUN_1800338d0	EXTERNAL:000000a8	operator_bool@EXTERNAL:000000a8	true
1800338d0	FUN_1800338d0	EXTERNAL:00000092	basic_ostream<char,std::char_traits<char>_>@EXTERNAL:00000092	true
1800338d0	FUN_1800338d0	180037400	free@180037400	false
1800338d0	FUN_1800338d0	EXTERNAL:0000009a	basic_istream<char,std::char_traits<char>_>@EXTERNAL:0000009a	true
1800338d0	FUN_1800338d0	18000ea30	FUN_18000ea30@18000ea30	false
1800338d0	FUN_1800338d0	180033130	FUN_180033130@180033130	false
1800338d0	FUN_1800338d0	18001b190	FUN_18001b190@18001b190	false
1800338d0	FUN_1800338d0	EXTERNAL:0000008c	~basic_ios<char,std::char_traits<char>_>@EXTERNAL:0000008c	true
1800338d0	FUN_1800338d0	EXTERNAL:00000091	basic_ios<char,std::char_traits<char>_>@EXTERNAL:00000091	true
1800338d0	FUN_1800338d0	180019490	FUN_180019490@180019490	false
1800338d0	FUN_1800338d0	EXTERNAL:00000088	_Init@EXTERNAL:00000088	true
1800338d0	FUN_1800338d0	180031cd0	FUN_180031cd0@180031cd0	false
1800338d0	FUN_1800338d0	1800350d9	BCryptGenRandom@1800350d9	false
1800338d0	FUN_1800338d0	180033ff0	FUN_180033ff0@180033ff0	false
1800338d0	FUN_1800338d0	EXTERNAL:00000093	~basic_ostream<char,std::char_traits<char>_>@EXTERNAL:00000093	true
1800338d0	FUN_1800338d0	180037a30	__security_check_cookie@180037a30	false
1800338d0	FUN_1800338d0	EXTERNAL:0000009b	~basic_istream<char,std::char_traits<char>_>@EXTERNAL:0000009b	true
1800338d0	FUN_1800338d0	180007c00	FUN_180007c00@180007c00	false
1800338d0	FUN_1800338d0	180036360	thunk_FUN_1800350f0@180036360	false
180033ff0	FUN_180033ff0	18003836a	memcpy@18003836a	false
180033ff0	FUN_180033ff0	180037400	free@180037400	false
180033ff0	FUN_180033ff0	18000cdd0	FUN_18000cdd0@18000cdd0	false
180033ff0	FUN_180033ff0	1800373b0	FUN_1800373b0@1800373b0	false
180033ff0	FUN_180033ff0	18000d170	FUN_18000d170@18000d170	false
180033ff0	FUN_180033ff0	18001d580	FUN_18001d580@18001d580	false
180034360	FUN_180034360	180037a30	__security_check_cookie@180037a30	false
180034360	FUN_180034360	1800383a6	wcslen@1800383a6	false
180034360	FUN_180034360	18000a0f0	FUN_18000a0f0@18000a0f0	false
180034360	FUN_180034360	180037400	free@180037400	false
180034360	FUN_180034360	18000d0e0	FUN_18000d0e0@18000d0e0	false
180034360	FUN_180034360	EXTERNAL:000000c9	_wgetenv@EXTERNAL:000000c9	true
180034360	FUN_180034360	180002440	FUN_180002440@180002440	false
1800345f0	FUN_1800345f0	180037a30	__security_check_cookie@180037a30	false
1800345f0	FUN_1800345f0	180037400	free@180037400	false
1800345f0	FUN_1800345f0	18000d070	FUN_18000d070@18000d070	false
1800345f0	FUN_1800345f0	180031eb0	FUN_180031eb0@180031eb0	false
1800347f0	FUN_1800347f0	1800350d9	BCryptGenRandom@1800350d9	false
180034830	FUN_180034830	EXTERNAL:0000003b	RegOpenKeyExW@EXTERNAL:0000003b	true
180034830	FUN_180034830	1800081a0	FUN_1800081a0@1800081a0	false
180034830	FUN_180034830	180037a30	__security_check_cookie@180037a30	false
180034830	FUN_180034830	180037400	free@180037400	false
180034830	FUN_180034830	18000cdd0	FUN_18000cdd0@18000cdd0	false
180034830	FUN_180034830	1800373b0	FUN_1800373b0@1800373b0	false
180034830	FUN_180034830	EXTERNAL:00000041	RegQueryValueExW@EXTERNAL:00000041	true
180034830	FUN_180034830	EXTERNAL:00000040	RegCloseKey@EXTERNAL:00000040	true
180034b60	FUN_180034b60	180032cf0	FUN_180032cf0@180032cf0	false
180034b90	FUN_180034b90	1800010c0	FUN_1800010c0@1800010c0	false
180034b90	FUN_180034b90	180037a30	__security_check_cookie@180037a30	false
180034c40	FUN_180034c40	180032cf0	FUN_180032cf0@180032cf0	false
180034c40	FUN_180034c40	180038376	memset@180038376	false
180034c40	FUN_180034c40	180038370	memmove@180038370	false
180034c40	FUN_180034c40	18003509d	BCryptOpenAlgorithmProvider@18003509d	false
180034c40	FUN_180034c40	1800350af	BCryptImportKeyPair@1800350af	false
180034c40	FUN_180034c40	180037400	free@180037400	false
180034c40	FUN_180034c40	1800373b0	FUN_1800373b0@1800373b0	false
180034c40	FUN_180034c40	1800350bb	BCryptVerifySignature@1800350bb	false
180034c40	FUN_180034c40	1800350b5	BCryptDestroyKey@1800350b5	false
180034c40	FUN_180034c40	1800350a9	BCryptCloseAlgorithmProvider@1800350a9	false
180034e60	FUN_180034e60	180037a30	__security_check_cookie@180037a30	false
180034e60	FUN_180034e60	180037400	free@180037400	false
180034e60	FUN_180034e60	180008090	FUN_180008090@180008090	false
180034e60	FUN_180034e60	EXTERNAL:00000029	WideCharToMultiByte@EXTERNAL:00000029	true
1800350f0	FUN_1800350f0	180038376	memset@180038376	false
1800350f0	FUN_1800350f0	180036230	FUN_180036230@180036230	false
1800350f0	FUN_1800350f0	180035ce0	FUN_180035ce0@180035ce0	false
1800350f0	FUN_1800350f0	180035f10	FUN_180035f10@180035f10	false
180035260	FUN_180035260	18003836a	memcpy@18003836a	false
180035260	FUN_180035260	180037a30	__security_check_cookie@180037a30	false
180035260	FUN_180035260	180038364	memcmp@180038364	false
180035600	FUN_180035600	18003836a	memcpy@18003836a	false
180035600	FUN_180035600	180035260	FUN_180035260@180035260	false
180035600	FUN_180035600	180038364	memcmp@180038364	false
180035600	FUN_180035600	180037a30	__security_check_cookie@180037a30	false
180035600	FUN_180035600	180035bc0	FUN_180035bc0@180035bc0	false
180035600	FUN_180035600	1800362c0	FUN_1800362c0@1800362c0	false
180035ce0	FUN_180035ce0	180038376	memset@180038376	false
180035ce0	FUN_180035ce0	18003836a	memcpy@18003836a	false
180035ce0	FUN_180035ce0	180037a30	__security_check_cookie@180037a30	false
180035f10	FUN_180035f10	18003836a	memcpy@18003836a	false
180035f10	FUN_180035f10	180037a30	__security_check_cookie@180037a30	false
1800362c0	FUN_1800362c0	180038364	memcmp@180038364	false
1800363d0	FUN_1800363d0	EXTERNAL:00000039	GetLocaleInfoEx@EXTERNAL:00000039	true
1800363d0	FUN_1800363d0	EXTERNAL:0000002a	FormatMessageA@EXTERNAL:0000002a	true
1800364d0	FUN_1800364d0	180036395	_Xbad_alloc@180036395	false
1800364d0	FUN_1800364d0	EXTERNAL:000000cc	malloc@EXTERNAL:000000cc	true
180036520	FUN_180036520	EXTERNAL:00000022	GetFileInformationByHandleEx@EXTERNAL:00000022	true
180036520	FUN_180036520	180037a30	__security_check_cookie@180037a30	false
180036520	FUN_180036520	EXTERNAL:00000032	GetFileInformationByHandle@EXTERNAL:00000032	true
180036520	FUN_180036520	EXTERNAL:00000027	GetLastError@EXTERNAL:00000027	true
1800365c0	FUN_1800365c0	EXTERNAL:00000027	GetLastError@EXTERNAL:00000027	true
1800365c0	FUN_1800365c0	EXTERNAL:00000031	SetFileInformationByHandle@EXTERNAL:00000031	true
180036640	FUN_180036640	EXTERNAL:000000d9	___lc_codepage_func@EXTERNAL:000000d9	true
180036640	FUN_180036640	EXTERNAL:00000024	AreFileApisANSI@EXTERNAL:00000024	true
180036670	FUN_180036670	EXTERNAL:00000027	GetLastError@EXTERNAL:00000027	true
180036670	FUN_180036670	EXTERNAL:00000021	MultiByteToWideChar@EXTERNAL:00000021	true
1800366c0	FUN_1800366c0	EXTERNAL:00000027	GetLastError@EXTERNAL:00000027	true
1800366c0	FUN_1800366c0	EXTERNAL:00000029	WideCharToMultiByte@EXTERNAL:00000029	true
1800367e0	FUN_1800367e0	EXTERNAL:00000027	GetLastError@EXTERNAL:00000027	true
1800367e0	FUN_1800367e0	EXTERNAL:00000038	CreateDirectoryW@EXTERNAL:00000038	true
1800367e0	FUN_1800367e0	180036b80	FUN_180036b80@180036b80	false
180036860	FUN_180036860	EXTERNAL:00000034	FindNextFileW@EXTERNAL:00000034	true
180036880	FUN_180036880	EXTERNAL:00000037	FindClose@EXTERNAL:00000037	true
180036880	FUN_180036880	EXTERNAL:000000de	abort@EXTERNAL:000000de	true
1800368a0	FUN_1800368a0	EXTERNAL:00000037	FindClose@EXTERNAL:00000037	true
1800368a0	FUN_1800368a0	EXTERNAL:000000de	abort@EXTERNAL:000000de	true
1800368a0	FUN_1800368a0	EXTERNAL:00000035	FindFirstFileExW@EXTERNAL:00000035	true
180036930	FUN_180036930	EXTERNAL:00000023	CloseHandle@EXTERNAL:00000023	true
180036930	FUN_180036930	EXTERNAL:00000022	GetFileInformationByHandleEx@EXTERNAL:00000022	true
180036930	FUN_180036930	180038364	memcmp@180038364	false
180036930	FUN_180036930	EXTERNAL:000000de	abort@EXTERNAL:000000de	true
180036930	FUN_180036930	180037a30	__security_check_cookie@180037a30	false
180036930	FUN_180036930	EXTERNAL:00000032	GetFileInformationByHandle@EXTERNAL:00000032	true
180036930	FUN_180036930	180036520	FUN_180036520@180036520	false
180036930	FUN_180036930	EXTERNAL:00000025	CreateFile2@EXTERNAL:00000025	true
180036930	FUN_180036930	EXTERNAL:00000027	GetLastError@EXTERNAL:00000027	true
180036b80	FUN_180036b80	EXTERNAL:00000037	FindClose@EXTERNAL:00000037	true
180036b80	FUN_180036b80	EXTERNAL:00000023	CloseHandle@EXTERNAL:00000023	true
180036b80	FUN_180036b80	EXTERNAL:00000022	GetFileInformationByHandleEx@EXTERNAL:00000022	true
180036b80	FUN_180036b80	EXTERNAL:000000de	abort@EXTERNAL:000000de	true
180036b80	FUN_180036b80	180037a30	__security_check_cookie@180037a30	false
180036b80	FUN_180036b80	180036eb0	FUN_180036eb0@180036eb0	false
180036b80	FUN_180036b80	EXTERNAL:00000036	FindFirstFileW@EXTERNAL:00000036	true
180036b80	FUN_180036b80	EXTERNAL:00000027	GetLastError@EXTERNAL:00000027	true
180036b80	FUN_180036b80	EXTERNAL:00000033	GetFileAttributesExW@EXTERNAL:00000033	true
180036eb0	FUN_180036eb0	EXTERNAL:00000025	CreateFile2@EXTERNAL:00000025	true
180036f30	FUN_180036f30	EXTERNAL:00000023	CloseHandle@EXTERNAL:00000023	true
180036f30	FUN_180036f30	1800365c0	FUN_1800365c0@1800365c0	false
180036f30	FUN_180036f30	EXTERNAL:00000022	GetFileInformationByHandleEx@EXTERNAL:00000022	true
180036f30	FUN_180036f30	EXTERNAL:000000de	abort@EXTERNAL:000000de	true
180036f30	FUN_180036f30	180037a30	__security_check_cookie@180037a30	false
180036f30	FUN_180036f30	180036eb0	FUN_180036eb0@180036eb0	false
180036f30	FUN_180036f30	EXTERNAL:00000025	CreateFile2@EXTERNAL:00000025	true
180036f30	FUN_180036f30	EXTERNAL:00000027	GetLastError@EXTERNAL:00000027	true
180036f30	FUN_180036f30	EXTERNAL:00000031	SetFileInformationByHandle@EXTERNAL:00000031	true
180037260	FUN_180037260	EXTERNAL:0000002f	MoveFileExW@EXTERNAL:0000002f	true
1800372d0	FUN_1800372d0	180038420	_guard_dispatch_icall@180038420	false
180037350	FUN_180037350	180038420	_guard_dispatch_icall@180038420	false
1800373b0	FUN_1800373b0	18003839a	malloc@18003839a	false
1800373b0	FUN_1800373b0	1800380f0	FUN_1800380f0@1800380f0	false
1800373b0	FUN_1800373b0	18000cdd0	FUN_18000cdd0@18000cdd0	false
1800373b0	FUN_1800373b0	1800383b8	_callnewh@1800383b8	false
180037410	FUN_180037410	180038130	FUN_180038130@180038130	false
180037460	FUN_180037460	1800383c4	_configure_narrow_argv@1800383c4	false
180037460	FUN_180037460	180037e10	FUN_180037e10@180037e10	false
180037460	FUN_180037460	180038120	FUN_180038120@180038120	false
180037460	FUN_180037460	180038130	FUN_180038130@180038130	false
180037460	FUN_180037460	1800383ca	_initialize_narrow_environment@1800383ca	false
1800374a0	FUN_1800374a0	1800383d0	_initialize_onexit_table@1800383d0	false
1800374a0	FUN_1800374a0	180038130	FUN_180038130@180038130	false
180037520	FUN_180037520	180038400	FUN_180038400@180038400	false
180037550	FUN_180037550	180038400	FUN_180038400@180038400	false
180037570	FUN_180037570	1800383be	_seh_filter_dll@1800383be	false
180037570	FUN_180037570	180038420	_guard_dispatch_icall@180038420	false
180037570	FUN_180037570	180038130	FUN_180038130@180038130	false
1800375c0	FUN_1800375c0	1800383dc	_execute_onexit_table@1800383dc	false
1800375c0	FUN_1800375c0	18000c500	FUN_18000c500@18000c500	false
1800375c0	FUN_1800375c0	180038130	FUN_180038130@180038130	false
1800375c0	FUN_1800375c0	1800383e8	_cexit@1800383e8	false
180037600	FUN_180037600	180038400	FUN_180038400@180038400	false
180037620	FUN_180037620	180037e10	FUN_180037e10@180037e10	false
180037620	FUN_180037620	180038400	FUN_180038400@180038400	false
180037700	FUN_180037700	180038130	FUN_180038130@180038130	false
180037730	FUN_180037730	180038400	FUN_180038400@180038400	false
180037760	FUN_180037760	1800383d6	_register_onexit_function@1800383d6	false
180037760	FUN_180037760	1800383e2	_crt_atexit@1800383e2	false
1800377b0	FUN_1800377b0	1800377d0	FUN_1800377d0@1800377d0	false
1800377d0	FUN_1800377d0	180037a30	__security_check_cookie@180037a30	false
1800377d0	FUN_1800377d0	1800377a0	FUN_1800377a0@1800377a0	false
1800379b0	FUN_1800379b0	1800377d0	FUN_1800377d0@1800377d0	false
1800379b0	FUN_1800379b0	18003835e	__CxxFrameHandler4@18003835e	false
180037a30	__security_check_cookie	1800377a0	FUN_1800377a0@1800377a0	false
180037a50	FUN_180037a50	180037400	free@180037400	false
180037a80	FUN_180037a80	180037ae0	FUN_180037ae0@180037ae0	false
180037a80	FUN_180037a80	180037520	FUN_180037520@180037520	false
180037a80	FUN_180037a80	180037bf0	FUN_180037bf0@180037bf0	false
180037a80	FUN_180037a80	180037550	FUN_180037550@180037550	false
180037ae0	FUN_180037ae0	180037410	FUN_180037410@180037410	false
180037ae0	FUN_180037ae0	180038140	FUN_180038140@180038140	false
180037ae0	FUN_180037ae0	180038290	FUN_180038290@180038290	false
180037ae0	FUN_180037ae0	180037620	FUN_180037620@180037620	false
180037ae0	FUN_180037ae0	180037460	FUN_180037460@180037460	false
180037ae0	FUN_180037ae0	1800382a0	FUN_1800382a0@1800382a0	false
180037ae0	FUN_180037ae0	180038420	_guard_dispatch_icall@180038420	false
180037ae0	FUN_180037ae0	180038240	FUN_180038240@180038240	false
180037ae0	FUN_180037ae0	1800383ee	_initterm@1800383ee	false
180037ae0	FUN_180037ae0	180038270	FUN_180038270@180038270	false
180037ae0	FUN_180037ae0	180037660	FUN_180037660@180037660	false
180037ae0	FUN_180037ae0	180037700	FUN_180037700@180037700	false
180037ae0	FUN_180037ae0	1800374a0	FUN_1800374a0@1800374a0	false
180037ae0	FUN_180037ae0	1800383f4	_initterm_e@1800383f4	false
180037bf0	FUN_180037bf0	1800375c0	FUN_1800375c0@1800375c0	false
180037bf0	FUN_180037bf0	180037410	FUN_180037410@180037410	false
180037bf0	FUN_180037bf0	180038140	FUN_180038140@180038140	false
180037bf0	FUN_180037bf0	1800382f0	FUN_1800382f0@1800382f0	false
180037bf0	FUN_180037bf0	180037730	FUN_180037730@180037730	false
180037bf0	FUN_180037bf0	180038250	FUN_180038250@180038250	false
180037bf0	FUN_180037bf0	180037600	FUN_180037600@180037600	false
180037bf0	FUN_180037bf0	180037700	FUN_180037700@180037700	false
180037c90	FUN_180037c90	180038420	_guard_dispatch_icall@180038420	false
180037c90	FUN_180037c90	180037a80	FUN_180037a80@180037a80	false
180037c90	FUN_180037c90	180037bf0	FUN_180037bf0@180037bf0	false
180037c90	FUN_180037c90	180038210	FUN_180038210@180038210	false
180037dd0	entry	180038150	FUN_180038150@180038150	false
180037dd0	entry	180037c90	FUN_180037c90@180037c90	false
1800380f0	FUN_1800380f0	180038358	_CxxThrowException@180038358	false
1800380f0	FUN_1800380f0	1800380c0	FUN_1800380c0@1800380c0	false
180038150	FUN_180038150	EXTERNAL:0000002d	GetSystemTimeAsFileTime@EXTERNAL:0000002d	true
180038150	FUN_180038150	EXTERNAL:0000002c	GetCurrentProcessId@EXTERNAL:0000002c	true
180038150	FUN_180038150	EXTERNAL:0000001f	GetCurrentThreadId@EXTERNAL:0000001f	true
180038150	FUN_180038150	EXTERNAL:0000002b	QueryPerformanceCounter@EXTERNAL:0000002b	true
180038210	FUN_180038210	EXTERNAL:0000002e	DisableThreadLibraryCalls@EXTERNAL:0000002e	true
180038250	FUN_180038250	18003838e	__std_type_info_destroy_list@18003838e	false
180038270	FUN_180038270	180031cc0	FUN_180031cc0@180031cc0	false
180038270	FUN_180038270	180038260	FUN_180038260@180038260	false
1800382a0	FUN_1800382a0	180038420	_guard_dispatch_icall@180038420	false
1800382f0	FUN_1800382f0	180038420	_guard_dispatch_icall@180038420	false
180038470	FUN_180038470	EXTERNAL:0000008d	setstate@EXTERNAL:0000008d	true
1800384b0	FUN_1800384b0	EXTERNAL:0000008d	setstate@EXTERNAL:0000008d	true
180038520	FUN_180038520	180009360	thunk_FUN_18000d070@180009360	false
180038620	FUN_180038620	180037400	free@180037400	false
180038640	FUN_180038640	180037400	free@180037400	false
180038660	FUN_180038660	180009370	thunk_FUN_18000d0e0@180009370	false
1800388b0	FUN_1800388b0	180009370	thunk_FUN_18000d0e0@180009370	false
1800388e0	FUN_1800388e0	180009370	thunk_FUN_18000d0e0@180009370	false
180038930	FUN_180038930	180009370	thunk_FUN_18000d0e0@180009370	false
1800389f0	FUN_1800389f0	EXTERNAL:0000008c	~basic_ios<char,std::char_traits<char>_>@EXTERNAL:0000008c	true
180038a40	FUN_180038a40	EXTERNAL:0000008c	~basic_ios<char,std::char_traits<char>_>@EXTERNAL:0000008c	true
180038aa0	FUN_180038aa0	180009360	thunk_FUN_18000d070@180009360	false
180038b30	FUN_180038b30	EXTERNAL:0000008c	~basic_ios<char,std::char_traits<char>_>@EXTERNAL:0000008c	true
180038d70	FUN_180038d70	180009360	thunk_FUN_18000d070@180009360	false
180038ed0	FUN_180038ed0	180009360	thunk_FUN_18000d070@180009360	false
180038f00	FUN_180038f00	180009360	thunk_FUN_18000d070@180009360	false
180038f30	FUN_180038f30	180009360	thunk_FUN_18000d070@180009360	false
180038f60	FUN_180038f60	180009360	thunk_FUN_18000d070@180009360	false
180038f90	FUN_180038f90	180009360	thunk_FUN_18000d070@180009360	false
180038fc0	FUN_180038fc0	180009360	thunk_FUN_18000d070@180009360	false
180039080	FUN_180039080	EXTERNAL:0000008c	~basic_ios<char,std::char_traits<char>_>@EXTERNAL:0000008c	true
180039100	FUN_180039100	EXTERNAL:0000008c	~basic_ios<char,std::char_traits<char>_>@EXTERNAL:0000008c	true
1800391f0	FUN_1800391f0	180009370	thunk_FUN_18000d0e0@180009370	false
180039220	FUN_180039220	180009370	thunk_FUN_18000d0e0@180009370	false
180039250	FUN_180039250	180009370	thunk_FUN_18000d0e0@180009370	false
180039280	FUN_180039280	180009370	thunk_FUN_18000d0e0@180009370	false
1800392b0	FUN_1800392b0	180009370	thunk_FUN_18000d0e0@180009370	false
1800392e0	FUN_1800392e0	180009370	thunk_FUN_18000d0e0@180009370	false
180039360	FUN_180039360	1800098c0	FUN_1800098c0@1800098c0	false
180039450	FUN_180039450	180009360	thunk_FUN_18000d070@180009360	false
180039480	FUN_180039480	180009360	thunk_FUN_18000d070@180009360	false
180039550	FUN_180039550	180009360	thunk_FUN_18000d070@180009360	false
180039580	FUN_180039580	180009360	thunk_FUN_18000d070@180009360	false
1800395c0	FUN_1800395c0	180009360	thunk_FUN_18000d070@180009360	false
180039610	FUN_180039610	180037400	free@180037400	false
180039630	FUN_180039630	18003500d	~UnsafeStringView@18003500d	false
180039660	FUN_180039660	180009560	FUN_180009560@180009560	false
1800396c0	FUN_1800396c0	180037400	free@180037400	false
1800396e0	FUN_1800396e0	180009360	thunk_FUN_18000d070@180009360	false
180039820	FUN_180039820	180009850	thunk_FUN_18000cfe0@180009850	false
1800398e0	FUN_1800398e0	180009360	thunk_FUN_18000d070@180009360	false
180039910	FUN_180039910	EXTERNAL:0000008c	~basic_ios<char,std::char_traits<char>_>@EXTERNAL:0000008c	true
1800399a0	FUN_1800399a0	EXTERNAL:0000008c	~basic_ios<char,std::char_traits<char>_>@EXTERNAL:0000008c	true
180039a00	__l1::dtor$3	180009550	FUN_180009550@180009550	false
180039a50	FUN_180039a50	1800372d0	FUN_1800372d0@1800372d0	false
180039a90	FUN_180039a90	1800372d0	FUN_1800372d0@1800372d0	false
180039b10	FUN_180039b10	1800098c0	FUN_1800098c0@1800098c0	false
180039b70	FUN_180039b70	180009370	thunk_FUN_18000d0e0@180009370	false
180039ba0	FUN_180039ba0	180009370	thunk_FUN_18000d0e0@180009370	false
180039bd0	FUN_180039bd0	180009370	thunk_FUN_18000d0e0@180009370	false
180039c00	FUN_180039c00	180009360	thunk_FUN_18000d070@180009360	false
180039c30	FUN_180039c30	180009360	thunk_FUN_18000d070@180009360	false
180039c60	FUN_180039c60	180009360	thunk_FUN_18000d070@180009360	false
180039c90	FUN_180039c90	180009360	thunk_FUN_18000d070@180009360	false
180039cc0	FUN_180039cc0	180009360	thunk_FUN_18000d070@180009360	false
180039d20	FUN_180039d20	18001e720	FUN_18001e720@18001e720	false
180039d90	FUN_180039d90	180009360	thunk_FUN_18000d070@180009360	false
180039dc0	FUN_180039dc0	180009360	thunk_FUN_18000d070@180009360	false
180039e10	FUN_180039e10	18001e720	FUN_18001e720@18001e720	false
180039f80	FUN_180039f80	EXTERNAL:0000008c	~basic_ios<char,std::char_traits<char>_>@EXTERNAL:0000008c	true
180039fe0	FUN_180039fe0	180009360	thunk_FUN_18000d070@180009360	false
18003a010	FUN_18003a010	18001e720	FUN_18001e720@18001e720	false
18003a080	FUN_18003a080	EXTERNAL:0000008c	~basic_ios<char,std::char_traits<char>_>@EXTERNAL:0000008c	true
18003a0c0	FUN_18003a0c0	EXTERNAL:0000008c	~basic_ios<char,std::char_traits<char>_>@EXTERNAL:0000008c	true
18003a1b0	FUN_18003a1b0	180009360	thunk_FUN_18000d070@180009360	false
18003a200	FUN_18003a200	180009360	thunk_FUN_18000d070@180009360	false
18003a2f0	FUN_18003a2f0	18001e720	FUN_18001e720@18001e720	false
18003a370	FUN_18003a370	180009360	thunk_FUN_18000d070@180009360	false
18003a4a0	FUN_18003a4a0	180037400	free@180037400	false
18003a4c0	FUN_18003a4c0	180037400	free@180037400	false
18003a4e0	FUN_18003a4e0	180037400	free@180037400	false
18003a520	FUN_18003a520	180037400	free@180037400	false
18003a540	FUN_18003a540	180037400	free@180037400	false
18003a560	FUN_18003a560	180009360	thunk_FUN_18000d070@180009360	false
18003a690	FUN_18003a690	180037400	free@180037400	false
18003a700	FUN_18003a700	EXTERNAL:0000008c	~basic_ios<char,std::char_traits<char>_>@EXTERNAL:0000008c	true
18003a840	FUN_18003a840	180029820	FUN_180029820@180029820	false
18003a870	FUN_18003a870	180029820	FUN_180029820@180029820	false
18003a8a0	FUN_18003a8a0	180029820	FUN_180029820@180029820	false
18003aad0	FUN_18003aad0	180009360	thunk_FUN_18000d070@180009360	false
18003ab00	FUN_18003ab00	180009370	thunk_FUN_18000d0e0@180009370	false
18003ab30	FUN_18003ab30	EXTERNAL:0000008c	~basic_ios<char,std::char_traits<char>_>@EXTERNAL:0000008c	true
18003aba0	FUN_18003aba0	EXTERNAL:0000008d	setstate@EXTERNAL:0000008d	true
18003abe0	FUN_18003abe0	1800298a0	FUN_1800298a0@1800298a0	false
18003ac50	FUN_18003ac50	1800095d0	FUN_1800095d0@1800095d0	false
18003ac90	FUN_18003ac90	180009370	thunk_FUN_18000d0e0@180009370	false
18003acd0	FUN_18003acd0	180009360	thunk_FUN_18000d070@180009360	false
18003ad40	FUN_18003ad40	EXTERNAL:0000008c	~basic_ios<char,std::char_traits<char>_>@EXTERNAL:0000008c	true
18003ad70	FUN_18003ad70	EXTERNAL:0000008c	~basic_ios<char,std::char_traits<char>_>@EXTERNAL:0000008c	true
18003ae10	FUN_18003ae10	180037350	FUN_180037350@180037350	false
18003ae40	FUN_18003ae40	1800383b2	terminate@1800383b2	false
18003ae40	FUN_18003ae40	180038382	__current_exception_context@180038382	false
18003ae40	FUN_18003ae40	18003837c	__current_exception@18003837c	false
18003aec0	FUN_18003aec0	180037700	FUN_180037700@180037700	false
18003aee0	FUN_18003aee0	180037700	FUN_180037700@180037700	false
18003aefa	FUN_18003aefa	180037600	FUN_180037600@180037600	false
18003af10	FUN_18003af10	180037570	FUN_180037570@180037570	false
18003af50	FUN_18003af50	180037400	free@180037400	false
18003af50	FUN_18003af50	180009950	FUN_180009950@180009950	false
18003af50	FUN_18003af50	180004170	FUN_180004170@180004170	false
18003afd0	FUN_18003afd0	180037400	free@180037400	false
18003afd0	FUN_18003afd0	18000d070	FUN_18000d070@18000d070	false
18003b070	FUN_18003b070	18000cf20	FUN_18000cf20@18000cf20	false
18003b070	FUN_18003b070	1800041f0	FUN_1800041f0@1800041f0	false
18003b070	FUN_18003b070	180037400	free@180037400	false
18003b0f0	FUN_18003b0f0	180037400	free@180037400	false
18003b160	FUN_18003b160	18000d070	FUN_18000d070@18000d070	false
18003b160	FUN_18003b160	1800298c0	FUN_1800298c0@1800298c0	false
18003b1d0	FUN_18003b1d0	180038420	_guard_dispatch_icall@180038420	false
18003b1d0	FUN_18003b1d0	EXTERNAL:000000ca	free@EXTERNAL:000000ca	true
